link,chat_username,title,participants
https://t.me/GOAL24_Chat,GOAL24_Chat,Чат GOAL24,57841
https://t.me/antalya_go,antalya_go,Анталия Life - Чат | Турция,47492
https://t.me/globe_antalya_chat,globe_antalya_chat,Анталия чат,41869
https://t.me/alanya_chat_2,alanya_chat_2,АЛАНИЯ ЧАТ ТУРЦИЯ,34112
https://t.me/russiansinturkey_antalya,russiansinturkey_antalya,Русские в Анталии,27505
https://t.me/SharmExpats,SharmExpats,ШАРМ-ЭЛЬ-ШЕЙХ ЧАТ 🇪🇬 ЕГИПЕТ,25638
https://t.me/Kair_chat1,Kair_chat1,Каир Чат Египет,23901
https://t.me/antalya_chat2,antalya_chat2,Турция Анталия чат,23202
https://t.me/alanya_4atik,alanya_4atik,Алания чат | TwistMedia,21618
https://t.me/goaindiachat,goaindiachat,ГОА | ИНДИЯ | ЧАТ | ФОРУМ ⛈ 🌞 🌴,20282
https://t.me/Sharm_el_Sheikh_live,Sharm_el_Sheikh_live,Шарм-Эль-Шейх 🇪🇬 Чат,16904
https://t.me/barcelona_chat_ua,barcelona_chat_ua,Украинцы в Барселоне | Чат 🇪🇸,15122
https://t.me/expatfm_alanya,expatfm_alanya,ExpatFM. Чат Алания,14105
https://t.me/SamuiChat_INF,SamuiChat_INF,САМУЙ И ПАНГАН ЧАТ 🇹🇭 ОБЩЕНИЕ,13677
https://t.me/kazan_baraholka_chat,kazan_baraholka_chat,Казань Барахолка,13400
https://t.me/AntalyaChatik,AntalyaChatik,Анталия чатик 🇹🇷 | CHATIK,12431
https://t.me/Sharm_El_Sheikh_Chat,Sharm_El_Sheikh_Chat,Гайд 🇪🇬 Шарм-Эль-Шейх,12124
https://t.me/antalya_community_chat,antalya_community_chat,LIFE in Анталия,11328
https://t.me/chat_ankara,chat_ankara,Анкара | Турция - Общение Чат,11209
https://t.me/GoGoat_Chat,GoGoat_Chat,Go Goat! Chat,11030
https://t.me/arambol_india,arambol_india,ГОА ЧАТ 🇮🇳,10885
https://t.me/tbilisi_baraholka_chat,tbilisi_baraholka_chat,Тбилиси | Барахолка & Объявления 🇬🇪,10620
https://t.me/hanoi24hhh,hanoi24hhh,HÀ NỘI 24H CHAT,10049
https://t.me/BarcelonaChatik,BarcelonaChatik,Барселона чатик 🇪🇸 | CHATIK,9905
https://t.me/SharmElsheikhTG,SharmElsheikhTG,Шарм-эль-Шейх ЧАТ🇪🇬,9469
https://t.me/expats_georgia,expats_georgia,Экспаты 🇬🇪 Грузия,9466
https://t.me/antalia_stambul,antalia_stambul,Турция ЧАТ 🇹🇷 Аренда,9309
https://t.me/sharm_life_chat,sharm_life_chat,Шарм Life | TM,9202
https://t.me/dahabchat,dahabchat,ДАХАБ ЧАТ 🏝,7997
https://t.me/kophangan,kophangan,ПАНГАН Жители | 2016 | Таиланд чат,7932
https://t.me/Ubud_Chat,Ubud_Chat,УБУД | ЧАТ,7471
https://t.me/istanbulescor,istanbulescor,Bakırköy Chat,7394
https://t.me/turkeyforarabs,turkeyforarabs,تركيا للعرب - Turkey Expats,6896
https://t.me/phimnguoilonchat,phimnguoilonchat,Phim Người Lớn (Chat),6361
https://t.me/barcelona668vip,barcelona668vip,Barcelona668 VIP Chatroom,6345
https://t.me/pangansales,pangansales,Панган Барахолка №1🇹🇭 Объявления 🇹🇭 Чат,6152
https://t.me/port_nature_belek,port_nature_belek,Port Nature чат,5810
https://t.me/GoaChatik,GoaChatik,Гоа чатик 🇮🇳 | CHATIK,5644
https://t.me/migranty_ispania,migranty_ispania,ИСПАНИЯ ЧАТ | МИГРАНТЫ ИСПАНИЯ | ESPAÑA MIGRANTE |EXTRANJEROS | EXPATS SPAIN,5577
https://t.me/ubudchatglavnii,ubudchatglavnii,UBUD ЧАТ | НАШИ❤️ЛЮДИ,5065
https://t.me/spain_granitsa,spain_granitsa,Испания Барселона Чат,4931
https://t.me/rishavsharmachat,rishavsharmachat,Rishav Sharma Chat,4901
https://t.me/XuongInTrieuDo_chat,XuongInTrieuDo_chat,Hội Anh Em Xưởng In,4597
https://t.me/barmygroup,barmygroup,🇻🇳🌍 B.ARMY - Blockchain Army Group Chat,4123
https://t.me/Rus_Grup_vip_eskort,Rus_Grup_vip_eskort,İstanbul eskort Vip Rus Antalya eskort TEYİTLİ,3944
https://t.me/Phangana,Phangana,ПАНГАН ЧАТ ДРУЗЕЙ ТАЙЛАНД,3930
https://t.me/chat_barcelona_bcn,chat_barcelona_bcn,БАРСЕЛОНА ЧАТ и БАРАХОЛКА,3733
https://t.me/ankara8,ankara8,Анкара Чат 🇹🇷 Объявления Барахолка🇹🇷,3534
https://t.me/KairexChat,KairexChat,ЧАТ | Pro YouTube,3430
https://t.me/hoanphiappchat,hoanphiappchat,HOÀN PHÍ APP CHAT,3282
https://t.me/alanya_chata,alanya_chata,АЛАНИЯ ЧАТ,3238
https://t.me/Chat_de_Barcelona,Chat_de_Barcelona,Барселона чат | Chat de Barcelona 🇪🇸,3229
https://t.me/sharmelshaih_chat,sharmelshaih_chat,Шарм-эль-Шейх | Египет - Общение Чат,3213
https://t.me/antalya_chatik,antalya_chatik,Анталия чат. Russo Turisto.,3073
https://t.me/rus_antalya_alania,rus_antalya_alania,Русские в Анталье и Алании,3015
https://t.me/phangan_chat,phangan_chat,Мой Панган 🏝️🇹🇭 Взаимопомощь,2984
https://t.me/chats_marmaris,chats_marmaris,Мармарис | Турция - Общение Чат,2980
https://t.me/balint_rust,balint_rust,Bálint [Rust],2885
https://t.me/Obmenik_Pangan,Obmenik_Pangan,ЧАТ ПАНГАН🔥 АРЕНДА,2786
https://t.me/dvizh_turkey_chat,dvizh_turkey_chat,Dvizh Istanbul — Chat,2684
https://t.me/turkiyaliklar_tanishuv_chat,turkiyaliklar_tanishuv_chat,𝐓𝐔𝐑𝐊𝐈𝐘𝐄 𝐈𝐒𝐓𝐀𝐍𝐁𝐔𝐋,2657
https://t.me/chats_dahab,chats_dahab,Дахаб | Египет - Общение Чат,2562
https://t.me/bar_montenegro_chat,bar_montenegro_chat,Бар Черногория Чат 🇲🇪 Bar Montenegro Chat,2528
https://t.me/Ubud_bg,Ubud_bg,Чат Убуд 🇮🇩 | B-G,2444
https://t.me/antalya_chat_kg,antalya_chat_kg,АНТАЛИЯ ЧАТ,2362
https://t.me/chats_kair,chats_kair,Каир | Египет - Общение Чат,2325
https://t.me/MemersGalleryChats,MemersGalleryChats,Memers Gallery ™ Chat,2308
https://t.me/enuaechat,enuaechat,UAE Chat | English | United Arab Emirates | Dubai | Abu Dhabi | Sharjah | Ajman | Umm Al Quwain | Fujairah | Ras Al Khaimah RAK,2304
https://t.me/chats_goa,chats_goa,Гоа | Индия - Общение Чат,2273
https://t.me/istanbulmid,istanbulmid,Rusya İstanbul Başkonsolosluğu,2260
https://t.me/GeorgiaRelocated,GeorgiaRelocated,🇬🇪Georgia expats | релокация экспаты в 🇬🇪Грузии - IT и не IT - форум/чат,2208
https://t.me/russians_in_alanya,russians_in_alanya,Русские в Аланье,2084
https://t.me/kia_rio_ru,kia_rio_ru,Kia Rio клуб • Киа Рио чат,1972
https://t.me/expats_ge,expats_ge,Expats in Georgia 🇬🇪🇬🇧,1955
https://t.me/Cutie_SideChat,Cutie_SideChat,✿ 𝐂սt𝗂𝖾 𝐒𝗂ᑯ𝖾 𝆺𝅥𝆹𝅥 chat,1923
https://t.me/pangana_chat,pangana_chat,Панган Чат 🌿,1614
https://t.me/baryonnetwork,baryonnetwork,Baryon Chat,1562
https://t.me/voyage_sorgun_side,voyage_sorgun_side,Voyage Sorgun чат,1557
https://t.me/bali_chat2,bali_chat2,БЕСПЛАТНЫЙ ЧАТ❕,1539
https://t.me/alanyachat01,alanyachat01,Алания Chat,1476
https://t.me/kair_medicina,kair_medicina,Медицина Каир|🚺чат,1474
https://t.me/Madeira_Community_Chat,Madeira_Community_Chat,Madeira | Community | Chat,1357
https://t.me/Madeira_chatik,Madeira_chatik,Мадейра чат,1304
https://t.me/primus_banya,primus_banya,"Русская Баня/Russian Banya “Primus”, Morjim, Goa ГОА",1281
https://t.me/melissarioshot,melissarioshot,Melissa Rios Chat,1268
https://t.me/redfoxfriends,redfoxfriends,RUSLAN_PHUKET (REDFOX),1212
https://t.me/grupounionactiva,grupounionactiva,UNIÓN ACTIVA VALENCIA CHAT,1188
https://t.me/plataformas_novas1,plataformas_novas1,LANÇAMENTOS FP 🎰 KF 🎰 123 🎰 W1 Chat,1141
https://t.me/Riodirusia,Riodirusia,Brigade Russia 🇷🇺,1122
https://t.me/russkievsharme,russkievsharme,Русские в Шарм-эль-Шейх Sharm El Sheikh,1044
https://t.me/chat_rio_berdychiv,chat_rio_berdychiv,ЧАТ РІО,1038
https://t.me/barcelona_chatyt,barcelona_chatyt,Барселона ЧАТ ♡ ИСПАНИИ,1008
https://t.me/riorise_chat,riorise_chat,RioRise Chat Español,1006
https://t.me/agianapaua,agianapaua,Ukrainians in Ayia Napa. Chat,937
https://t.me/GoalRush01,GoalRush01,GOAL RUSH,911
https://t.me/rakchatting,rakchatting,Ras Al Khaimah Chat,909
https://t.me/montenegromarket_chat,montenegromarket_chat,** ОБЪЯВЛЕНИЯ ЧЕРНОГОРИЯ Каталог тем | Продам | Куплю | Барахолка | Услуги | Доска бесплатных публикаций | MONTENEGRO MARKET,888
https://t.me/Barcelona_chat2,Barcelona_chat2,🇪🇸 БАРСЕЛОНА | ЧАТ | ИСПАНИЯ,849
https://t.me/sakanaew,sakanaew,Massage full service Abu Dhabi city chat,824
https://t.me/Checker_toan_quoc_vip,Checker_toan_quoc_vip,Bà rịa - Vũng Tàu _VIP⚜️ Chat,822
https://t.me/wellnesshoian,wellnesshoian,Хойан Со Смыслом | wellness HoiAn | чат,811
https://t.me/dahabchange,dahabchange,"Дахабский Чат Обмена. Новости, Рубли, Фунты.",778
https://t.me/qigong_phangan_chat,qigong_phangan_chat,Чат Панган Цигун «Пламя Лотоса» ❤️‍🔥,772
https://t.me/goasiachat,goasiachat,Go Asia Chat,759
https://t.me/riotoursuzz,riotoursuzz,RIO TOURS chat,718
https://t.me/GoalRush1,GoalRush1,Goal Rush,709
https://t.me/barnachat1,barnachat1,Барселона-Чат Испания,699
https://t.me/kutaisi_ads_baraholka_chat,kutaisi_ads_baraholka_chat,KUTAISI 🇬🇪 Trade Ads/Барахолка Chat,673
https://t.me/HUPGHAK,HUPGHAK,húp hàu 🇻🇳 phim hay Chat,669
https://t.me/chat_sharm,chat_sharm,Чат Шарм,638
https://t.me/larnaca_ukraine_chat,larnaca_ukraine_chat,Українці в Ларнаці | Кіпр,633
https://t.me/massageA_Ztannoi_danang,massageA_Ztannoi_danang,Massage A-Z Tận Nơi Đà Nẵng Chat,632
https://t.me/phis_chat,phis_chat,Чат | Физкультура про другое,609
https://t.me/sharmeasydivers,sharmeasydivers,Easy Diver's Sharm чат,601
https://t.me/sharmliv,sharmliv,Трансфер 🏎️Шарм эль Шейх для русских 🌴🌴🌴🌴🌴🌴🌴🌴🌴 Chat,590
https://t.me/FootballSoccerChat,FootballSoccerChat,"Bet Chat-Over Goals,Bookmaker",553
https://t.me/fcbarcelona_russia,fcbarcelona_russia,🔵 FC Barcelona 🔴,549
https://t.me/vietnamconnections,vietnamconnections,"🇻🇳Vietnam connections(locals, expats, travelers)",544
https://t.me/ukr_izmir,ukr_izmir,Українці в Ізмірі_чат🇺🇦,543
https://t.me/chat_barselona,chat_barselona,🇪🇦 Барселона Чат,542
https://t.me/Russia_Antalya,Russia_Antalya,Россия-Анталия,538
https://t.me/attargallery_chat,attargallery_chat,Attar Gallery,521
https://t.me/tapdoangai_hochiminh,tapdoangai_hochiminh,TẬP ĐOÀN GÁI HỒ CHÍ MINH Chat,485
https://t.me/tapdoangai_bariavungtau,tapdoangai_bariavungtau,TẬP ĐOÀN GÁI BÀ RỊA VŨNG TÀU Chat,478
https://t.me/mtbgeorgia_chat,mtbgeorgia_chat,Mountain bike Tbilisi 🇬🇪,478
https://t.me/chat_thailand_rus,chat_thailand_rus,Чат Таиланд | Форум,470
https://t.me/HOIQUANLAMTINHO12,HOIQUANLAMTINHO12,NHẬT KÝ VÀNG ANH Chat,463
https://t.me/barselona_chat,barselona_chat,Барселона чат,451
https://t.me/ISTANBUL_RUS_ADS,ISTANBUL_RUS_ADS,ТУРЦИЯ ОБЪЯВЛЕНИЯ,448
https://t.me/anchoisaigonv1,anchoisaigonv1,Hội ăn chơi Sài Gòn Chat,447
https://t.me/HOIQUANLAMTINHO20,HOIQUANLAMTINHO20,CỘNG ĐỒNG ĂN CHƠI Chat,445
https://t.me/GeorgienExpats,GeorgienExpats,🇬🇪 Georgien Auswandern | Georgia Expats 🌐,444
https://t.me/ankaraoguzz,ankaraoguzz,Ankara Arayış Chat,442
https://t.me/anchoivungtauvip1,anchoivungtauvip1,🌸 Ăn chơi Vũng Tàu Chat,437
https://t.me/dibaidashijiantaolunqun,dibaidashijiantaolunqun,迪拜大事件|迪拜新闻|Dubai生活资讯 Chat,428
https://t.me/parfumgallerychat,parfumgallerychat,PARFUM GALLERY | ПАРФЮМЕРИЯ Chat,425
https://t.me/izmirillegalchat,izmirillegalchat,İzmir illegal chat,381
https://t.me/shambary_agency_chat,shambary_agency_chat,DUBAI MEDIA PRO’S (video & photo expats) - Shambary Agency,369
https://t.me/chat_cairo,chat_cairo,чат кайро,358
https://t.me/Spain_Rus_chat,Spain_Rus_chat,Жизнь в Испании | La vida en España | 🇪🇸🇷🇺🇪🇺,354
https://t.me/Geography_Optional_UPSC_2025s,Geography_Optional_UPSC_2025s,Geography Optional Shabbir Sir Himanshu Sharma Rushikesh Dudhat Alok Ranjan Ojhank sir Kumar Gaurav CBL Edukemy Guidance IAS 500,353
https://t.me/tennis_budva_chat,tennis_budva_chat,ЧАТ 🎾 Турниры в Будве | Теннис в Черногории,346
https://t.me/babu_vm,babu_vm,Mallu Dubai Sharjah Abushagara Night Chat,326
https://t.me/Chathastaquelaplatanossepare,Chathastaquelaplatanossepare,(Comentarios) Hasta que la Plata Nos Separe 2006,318
https://t.me/barcelona_rus,barcelona_rus,FC BARCELONA|ФК БАРСЕЛОНА,314
https://t.me/consrio,consrio,Consulado Geral da Federação da Rússia no Rio de Janeiro,312
https://t.me/valencia_chat_ads,valencia_chat_ads,Жизнь в Испании. Лайфхаки,280
https://t.me/russian_kitchen,russian_kitchen,KITCHEN ANTALYA,276
https://t.me/AnkaraNewTurkey,AnkaraNewTurkey,АНКАРА ЧАТ | New Turkey | Бьюти | Медицина | Авто | Бизнес | Недвижимость | Знакомста | Ищу соседа | Спорт | Йога,272
https://t.me/video_chat_dating_Abu_Dhabi,video_chat_dating_Abu_Dhabi,Video chat dating Abu Dhabi | دردشة فيديو تعارف ابو ظبي,271
https://t.me/people_in_turkey,people_in_turkey,Экспаты в Турции | Expats in Turkey 🇹🇷,271
https://t.me/CY_UA,CY_UA,Chat_Jobs in Paphos for people from Ukraine,267
https://t.me/MalaGamingChat,MalaGamingChat,Mala Gaming chat,266
https://t.me/goa_rus_ads,goa_rus_ads,ГОА УСЛУГИ ОБЪЯВЛЕНИЯ,264
https://t.me/marmarishairchat,marmarishairchat,💇‍♀️Детские волосы 💇🏻‍♀️ Chat,261
https://t.me/thaiex,thaiex,Thailand Expats (EN) 🇹🇭,261
https://t.me/sharm_eli_sheih,sharm_eli_sheih,Шарм-эль-шейх чат,242
https://t.me/barn_chat,barn_chat,Это Алтай чат,235
https://t.me/Ruslan_Property_Hurghada_Egypt,Ruslan_Property_Hurghada_Egypt,RUSLAN_Property (аренда/продажа/управление недвижимостю),229
https://t.me/expats_in_dubai,expats_in_dubai,Русские в Дубае,227
https://t.me/madeira_chatv2,madeira_chatv2,Мадейра Чат,221
https://t.me/GOaktivTIKTOK,GOaktivTIKTOK,Чат активности VK | TIK TOK,216
https://t.me/ankaradayasamsohbet,ankaradayasamsohbet,ANKARA SOHBET/CHAT / İŞ İLANI / DUYURU / TANIŞMA,214
https://t.me/Goa_Russia,Goa_Russia,Гоа: инструкция по релаксу🌴,204
https://t.me/foreljbarchat,foreljbarchat,"Форель.Бар.Черногория, чат",202
https://t.me/VnJ_Barcelona,VnJ_Barcelona,M&A Spain Rus,200
https://t.me/sad_znayki,sad_znayki,"Гоа, Арамболь детский сад ""ЗНАЙКИ""Родительский чат",196
https://t.me/tenerifebonita_com,tenerifebonita_com,🏡Чат. Недвижимость,192
https://t.me/fivesquaresdahab,fivesquaresdahab,"ДАХАБ - МУЙНЕ: виндсерфинг, винг, кайт. Чат 5 Квадратов 🤙",187
https://t.me/padel_dahab_chat,padel_dahab_chat,Padel Dahab,182
https://t.me/AnkaraGruppa,AnkaraGruppa,Анкара Чат,181
https://t.me/AntalyaRiNoks,AntalyaRiNoks,Рынок/ЧАТ Анталии,176
https://t.me/alanya_rus_ads,alanya_rus_ads,АЛАНИЯ🇹🇷УСЛУГИ,172
https://t.me/tenerifeamoremiochat,tenerifeamoremiochat,Дневник эмигрантки ✈️🇪🇸 Chat,167
https://t.me/Chat_english_Cairo,Chat_english_Cairo,"Tegara English Cairo 2021""Chat""",165
https://t.me/rio_prschat,rio_prschat,rio chat ₊˚⊹♡,164
https://t.me/Dating_Chat_Latvia,Dating_Chat_Latvia,Знакомства Наших в Латвии 🇱🇻 Чат | Dating Latvia Chat,163
https://t.me/Fazzy_Rio8,Fazzy_Rio8,𝙍𝙞𝙤 𝙂𝙧𝙤𝙪𝙥 𝘾𝙝𝙖𝙩 🎀,160
https://t.me/roditelimarmaris,roditelimarmaris,Мармарис дети | чат родителей,159
https://t.me/RuslanNazarovSG,RuslanNazarovSG,РУСЛАН НАЗАРОВ BALi - SINGAPORE,159
https://t.me/izmir_chat_rus,izmir_chat_rus,Чатик,155
https://t.me/russian_food_phuket_info,russian_food_phuket_info,Russian Food,147
https://t.me/Tase_TLV_Chat,Tase_TLV_Chat,Tase_Data_Bursa Chat 💬,145
https://t.me/chatankara1,chatankara1,18 Chat Ankara Arayış,145
https://t.me/SharmBengal,SharmBengal,Russia 🇷🇺 CATS and KITTENS for SALE,145
https://t.me/ilkemRio,ilkemRio,ILKEM RIO чат жильцов,138
https://t.me/marmarischat,marmarischat,МАРМАРИС 🇹🇷 ЧАТ,136
https://t.me/WB_TRAVEL_kemer,WB_TRAVEL_kemer,WB TRAVEL Anita Matiate | Chat,133
https://t.me/ankara_tr_chat,ankara_tr_chat,Анкара | Ankara | Чат 🇹🇷,129
https://t.me/bar_chat,bar_chat,Чат Типичный бармен,129
https://t.me/Thailand_Chat_russia,Thailand_Chat_russia,🇹🇭 Русские в Тайланде | Знакомства | Общение 💬,128
https://t.me/chatizmir1,chatizmir1,18 Chat İzmir Arayış,123
https://t.me/thailandiaexpats,thailandiaexpats,Thailand Expats Group,113
https://t.me/mersin_republic_chat,mersin_republic_chat,Republic. Криптообменник в Турции,113
https://t.me/GOAT_MILK116_RUS,GOAT_MILK116_RUS,Сельский край,113
https://t.me/tradingbursatilchat,tradingbursatilchat,Trading bursátil Chat,111
https://t.me/fantasiko_chat,fantasiko_chat,ديربي القاهرة | Cairo Derby,104
https://t.me/o0zge03hso,o0zge03hso,提瓦特｜Tivat Chat,100
https://t.me/rustriot,rustriot,Rust&Riot,100
https://t.me/fckngbarber,fckngbarber,FCKNG Barbers Community Chat,98
https://t.me/Ankaraa_chat,Ankaraa_chat,Ankara | чат для общения,98
https://t.me/argentinazacion,argentinazacion,La rusa porteña en Barcelona,97
https://t.me/russians_uae_chat_dubai,russians_uae_chat_dubai,Русские в Дубае | Чат ОАЭ,95
https://t.me/dalat_camp,dalat_camp,Лагерь (чат для родителей),85
https://t.me/flutter_malaga,flutter_malaga,Flutter Málaga Chat,85
https://t.me/marmaris_yussu,marmaris_yussu,Чат Мармарис | Экскурсии🇹🇷,85
https://t.me/trabzonlusikendernegi_chat,trabzonlusikendernegi_chat,trz_chat,84
https://t.me/Phangan_Chat_Go,Phangan_Chat_Go,ПАНГАН | ЧАТ,82
https://t.me/chatmalaga,chatmalaga,"Málaga Vecinos,Andalucía",82
https://t.me/Valencia_City_Chat,Valencia_City_Chat,ГЛАВНЫЙ ЧАТ ВАЛЕНСИИ (Венесуэла),81
https://t.me/riot_chat,riot_chat,"Чат игры ""RiotZone""",79
https://t.me/valencianuevachat,valencianuevachat,Новостройки Валенсии Chat,76
https://t.me/AlexProEgyept,AlexProEgyept,Hurghada Tours 🇪🇬 Russian guide,71
https://t.me/Alicante_MyHome_Chat,Alicante_MyHome_Chat,Жизнь в Испании Chat,70
https://t.me/Sky_cairo_chat,Sky_cairo_chat,"سَكاي."")",68
https://t.me/marmaris42,marmaris42,MARMARIS МАРМАРИС чат,67
https://t.me/KAIROSPAY_CHAT,KAIROSPAY_CHAT,KAIROSPAY EXCHANGE Чат | вопросы и отзывы,66
https://t.me/CAIROERC_CHAT,CAIROERC_CHAT,$CAIRO The Alpha Dog,66
https://t.me/barz_chat,barz_chat,Max Barz 🇺🇸 chat,64
https://t.me/BANYASUPERCHAT,BANYASUPERCHAT,SUPERBANYA CHAT 🇬🇪 KOBULETI 🇬🇪,63
https://t.me/russians_marbella_chat,russians_marbella_chat,Русские в Марбелье | Чат Испания🇪🇸,61
https://t.me/ChatGayMalagaGratis,ChatGayMalagaGratis,chat gay malaga gratis,61
https://t.me/Geography_Optional_UPSC_2027,Geography_Optional_UPSC_2027,Geography Optional Shabbir Sir Himanshu Sharma Rushikesh Dudhat Alok Ranjan Ojhank sir Kumar Gaurav cbl edukemy Guidance ias 500,60
https://t.me/nftbarujka_chat,nftbarujka_chat,NFT GIFTS BARUJKA CHAТ,57
https://t.me/chatik_madeira,chatik_madeira,Мадейра чат,53
https://t.me/ARKRussiaBrazilchat,ARKRussiaBrazilchat,ARK Russia Brazil Chat,53
https://t.me/chat_marmaris,chat_marmaris,🇹🇷 Мармарис Чат | Турция,52
https://t.me/Samui_chat,Samui_chat,Ραύςκυύ чατ 🌴,50
https://t.me/russia_brazil_chat,russia_brazil_chat,ЧАТ 📝 Доступная Бразилия 🇧🇷🔸️🇷🇺,48
https://t.me/vietnam_russia_chat,vietnam_russia_chat,ЧАТ Вьетнам и Россия. Бизнес Ассоциация,44
https://t.me/astronomy_tenerife_chat,astronomy_tenerife_chat,Астрономия с Крис | Чат,43
https://t.me/turkiyada_ishbor,turkiyada_ishbor,Bürsa chat,42
https://t.me/brchats_92,brchats_92,Б/У РЫНОК RIO • BLACK RUSSIA #BRChats2026 Chat,42
https://t.me/chat_paphos,chat_paphos,Paphos Chat 🇨🇾 Cyprus,41
https://t.me/BARCELONA_CHATI,BARCELONA_CHATI,BARCELONA GRUPPA,41
https://t.me/briese_chat,briese_chat,Briese Crewing Russia | Georgia | Ukraine chat,41
https://t.me/ABU_DABI_OFFICIAL_CHAT,ABU_DABI_OFFICIAL_CHAT,ABU_DABI_OFFICIAL_CHAT,40
https://t.me/namoro_mulheresqy_bombarrarf,namoro_mulheresqy_bombarrarf,Chat 🧡encontros💌 Florianópolis | Zero complicações Macapá 😍 Portugal,39
https://t.me/CHAT_RIO,CHAT_RIO,Rio ▾ CHAT,39
https://t.me/edu_porto_chat,edu_porto_chat,Чат Образование Порто,38
https://t.me/freelance_divers_Hurhgada_chat,freelance_divers_Hurhgada_chat,Divers Hurghada👌,37
https://t.me/MalagaCF_chat,MalagaCF_chat,Málaga CF,36
https://t.me/nastyakrukova1,nastyakrukova1,Nastya in Lisbon Chat,34
https://t.me/istanbuleskort_rus,istanbuleskort_rus,ıstanbul eskort ajansı başakşehir Kayaşehir Kayabaşı İkitelli Mahmutbey güneşli Rus bayan ukraynalı,34
https://t.me/Russians_in_Hurghada1,Russians_in_Hurghada1,Русские в Хургаде,33
https://t.me/portosio,portosio,Nail Art House Chat,33
https://t.me/rio_russia,rio_russia,Kia Rio Ремонт и Обслуживание,29
https://t.me/baraholka_eu_chat,baraholka_eu_chat,Барахолка Чат Сербия | Черногория | Турция,29
https://t.me/madeirafish,madeirafish,madeirafishing_chat,29
https://t.me/Scandi_resort,Scandi_resort,Scandic resort Hurghada Chat,29
https://t.me/araaaabauajaj,araaaabauajaj,Чат общения | KrabyxA,28
https://t.me/goa_chats,goa_chats,Goa Local ( Beach ) Chats | в ГОА Чаты Чат| गोवा चाट गोवा चैट|,27
https://t.me/chatmariadance,chatmariadance,чат Bachata & Latin dance с Марией,26
https://t.me/Lisbon_chat,Lisbon_chat,Лисабон Чат - Форум,26
https://t.me/marmaris_otziv,marmaris_otziv,Мармарис | Обмен валюты | Рубли - Лиры Chat,26
https://t.me/booking_club_a,booking_club_a,Booking club Abu Dhabi Chat,26
https://t.me/formanic,formanic,Russian manicure and pedicure. Koh Samui,26
https://t.me/ruslansharmax,ruslansharmax,𝕽𝖚𝖘𝖑𝖆𝖓 на 𝕾𝖍𝖆𝖗𝖒𝖆𝖝,25
https://t.me/sharmiis_chat,sharmiis_chat,чатик с Ксюшкинс,25
https://t.me/chat_madeira,chat_madeira,🇵🇹 Мадейра Чат,24
https://t.me/Limassol_Chat_for_everyone,Limassol_Chat_for_everyone,Limassol) Cyprus 🇨🇾 News,24
https://t.me/masterdancek,masterdancek,LADY DANCE LATINA Chat🤍,24
https://t.me/chat_istanbull,chat_istanbull,پشتیبانی ایران چت استانبول,23
https://t.me/russian_goa,russian_goa,Русский в ГОА,22
https://t.me/cy_ua_chat,cy_ua_chat,Chat_Jobs in Paphos for people from Ukraine Chat,22
https://t.me/ksenya_pushka24,ksenya_pushka24,From Batumi to Russia,20
https://t.me/ankara_chatik,ankara_chatik,"Анкара, Турция (Ankara) - ЧАТ",19
https://t.me/cairo_watch_chat,cairo_watch_chat,Cairo watch,19
https://t.me/pafosandsotirachat,pafosandsotirachat,Pafos&Sotira Chat,19
https://t.me/luciko_chat,luciko_chat,чат Vet clinic Lusiko Kobuleti👌,19
https://t.me/BarcaUnfiltered,BarcaUnfiltered,BARCELONA | RUS,18
https://t.me/inDahab_chat,inDahab_chat,ДахаБ🌅т чат,18
https://t.me/colombofil,colombofil,Chat. Pasión de la mensajera,18
https://t.me/vietnambuysell,vietnambuysell,Vietnam expats buy and sell,18
https://t.me/DALATb0,DALATb0,️ чат. 🌪,16
https://t.me/thb_rub_transfers_chat,thb_rub_transfers_chat,Russia 🇷🇺 to Thailand 🇹🇭 quick money transfer,16
https://t.me/antalya_rus_ads,antalya_rus_ads,АНТАЛИЯ🇹🇷УСЛУГИ,16
https://t.me/rushabibichat,rushabibichat,Russia-Turkey chat,16
https://t.me/podgoricaevents,podgoricaevents,"Мероприятия Подгорицы, Черногория Chat",15
https://t.me/dahabtam,dahabtam,Дахаб ТАМ Египет Чат,15
https://t.me/Project_RIO,Project_RIO,Project: Rush Into Oblivion,15
https://t.me/ankara_ru_chat,ankara_ru_chat,Анкара Чат | Турция 🇹🇷,14
https://t.me/expatsinvietnam,expatsinvietnam,Expats in Vietnam,14
https://t.me/portal_in_porto_chat,portal_in_porto_chat,PORTAL | ПОРТАЛ | Чат,14
https://t.me/Turkey_Rus_chat,Turkey_Rus_chat,Турция | Türkiye'de Yaşam | 🇹🇷🇷🇺,13
https://t.me/chatDogovorMNE,chatDogovorMNE,Оформление ВНЖ | Договор аренды|Бар|Черногория (чат)️,13
https://t.me/chats_barselona,chats_barselona,Барселона | Испания - Общение Чат,13
https://t.me/russkaja_barcelona,russkaja_barcelona,Русская Барселона,13
https://t.me/goal_chat,goal_chat,GoalHona | Чак Чаки Футбол,13
https://t.me/bingochatphilkoo,bingochatphilkoo,⋆ ࣪. ༝𝘽𝙄𝙉𝙂𝙊 [чата пхилку]₊˚੭ ˖,12
https://t.me/tonya_madeira_chat,tonya_madeira_chat,TONYA LYUBITSKAYA Chat,12
https://t.me/Goatereumchat,Goatereumchat,Goatereum - Community Chat,12
https://t.me/turkeyexpats,turkeyexpats,TURKEY EXPATS,12
https://t.me/ourchatenergy,ourchatenergy,Цигун Гоа чат Арамболь-Мандрем,12
https://t.me/expatsthai,expatsthai,DTV - Destination Thailand Visa,11
https://t.me/chat_msb,chat_msb,Chat Moving Stars Bali,11
https://t.me/hoinhomhentai,hoinhomhentai,Anime VN Chat,11
https://t.me/sanurchat,sanurchat,Sanur Bali Chat,11
https://t.me/SHARM_UC_CHAT,SHARM_UC_CHAT,SHARM UC SHOP CHAT,11
https://t.me/georgiaexpatschat,georgiaexpatschat,Georgia Expats 🇬🇪 Chat,11
https://t.me/Chat_madrid1,Chat_madrid1,محادثة قناة أتلتيكو مدريد.,11
https://t.me/chat_tbilisy,chat_tbilisy,chat tbilisy,10
https://t.me/russian_antalya,russian_antalya,🇹🇷 Русские в Анталии 🇹🇷,10
https://t.me/Egypt_Rus_Sharm,Egypt_Rus_Sharm,Форум Egypt📝 #egypt #dahab #Египет #шармэльшейх #sharmelsheikh #russia,10
https://t.me/MTKKOCHITTAL,MTKKOCHITTAL,Goals for 5 Daily Chat,10
https://t.me/norco8,norco8,ЧАТ Lost in Goa,9
https://t.me/chat_wingfoil_center_dahab,chat_wingfoil_center_dahab,Wingfoil Center. Vetratoria Dahab 🇪🇬 School & Club,9
https://t.me/chat_Seven_Side,chat_Seven_Side,Седьмая Сторона Света Чат,9
https://t.me/chat_thailand_russia,chat_thailand_russia,чат,9
https://t.me/congdongphuquoc_chat,congdongphuquoc_chat,Cộng Đồng Phú Quốc - Chat,8
https://t.me/lubalookingforhouse,lubalookingforhouse,Dahab Real Estate Chat,8
https://t.me/festas_madeira_chat,festas_madeira_chat,"Festas, Arraiais e Cultura na Madeira Chat",7
https://t.me/marrrrrmarrriss,marrrrrmarrriss,maRmaRis_chat,7
https://t.me/kobuletihelpdogs,kobuletihelpdogs,Люблю и спасаю хвостиков Chat,7
https://t.me/rio_chat,rio_chat,Оттяжка Фри Фаер [Rio],7
https://t.me/ballsaigon86,ballsaigon86,𝗕𝗢́𝗡𝗚 𝗖𝗨̛𝗢̛̀𝗜 𝗧𝗣 𝗛𝗢̂̀ 𝗖𝗛𝗜́ 𝗠𝗜𝗡𝗛 Chat,6
https://t.me/pangan_chat,pangan_chat,Панган. Возможности,6
https://t.me/BeautyHouse_Hurghada_Chat,BeautyHouse_Hurghada_Chat,BeautyHouse_Hurgada Чат,6
https://t.me/iracairokundalini,iracairokundalini,IRA CAIRO | YOGA Chat,6
https://t.me/Thienduongquyong254,Thienduongquyong254,CHECK VŨNG TÀU CHAT,6
https://t.me/Fukuoka_Chat,Fukuoka_Chat,Чатик,6
https://t.me/canggu_chat,canggu_chat,🏖Чангу чатик | Canggu chat Chat,5
https://t.me/joyscena,joyscena,Joy.Scena art space | Budva Chat,5
https://t.me/goat_chat,goat_chat,Goat Chat,5
https://t.me/RussianBarca,RussianBarca,“Flick's car” || FC “Barcelona“,5
https://t.me/bodrumqxt_chats_ask_kizlar,bodrumqxt_chats_ask_kizlar,Çeşme 😘 Yalnızlar için Flört ve Gerçek Tanışma,5
https://t.me/cordobaspainchatt,cordobaspainchatt,ох софико chat,5
https://t.me/krabinvest_chat,krabinvest_chat,KRAB INVEST | ЧАТ 💳,5
https://t.me/parq_ubud_chatbot,parq_ubud_chatbot,Поащеат,4
https://t.me/rkblt,rkblt,Rent Kobuleti Chat,4
https://t.me/bali_rust,bali_rust,QARINDOSHLAR,4
https://t.me/SurfSriLankaWeligamaChathu,SurfSriLankaWeligamaChathu,Серфинг Шри Ланка 🇱🇰 🇷🇺 Chathu Turning Point Weligama,4
https://t.me/soultemplechat,soultemplechat,Школа серфинга Weligama Шри Ланка Chat,4
https://t.me/phi_phi_chat,phi_phi_chat,Пхи пхи чат 23 февраля,4
https://t.me/Barcelona_Rusa,Barcelona_Rusa,Barcelona Rusa,4
https://t.me/MarmarisRent,MarmarisRent,Chat🏡Мармарис Аренда Продажа🏝 Marmaris Eval Elmak Real Estate Agency🏠,4
https://t.me/batumy_chat,batumy_chat,batumy_chat,4
https://t.me/Buomdemdam14,Buomdemdam14,Bướm Đêm TP. Hồ Chí Minh Chat,4
https://t.me/dandgella,dandgella,Late night school🖤 Chat,4
https://t.me/bangkox_chat,bangkox_chat,@bangkox_chat,4
https://t.me/ubudiy_chat,ubudiy_chat,Ubudiy chat,4
https://t.me/chat_batumy,chat_batumy,chat batumy,4
https://t.me/CHAT_spain_rus_esp,CHAT_spain_rus_esp,ЧАТ Испанский онлайн,4
https://t.me/russiancypruschat,russiancypruschat,Russian Cyprus Chat,4
https://t.me/tenerife_catastrophe,tenerife_catastrophe,чат Life_Сatastrophe,3
https://t.me/news_expats_vietnam,news_expats_vietnam,Новости Вьетнама,3
https://t.me/dalat_tour_exclusive,dalat_tour_exclusive,Вьетнам: Чат | Отзывы | Экскурсии.,3
https://t.me/KrabiMalinois,KrabiMalinois,Siouxie The Malinois chat,3
https://t.me/SegurosSanitasSPAIN,SegurosSanitasSPAIN,Seguros Salud🩺 Sanitas 🇪🇦 España Private Insurance Spain info #Expats,3
https://t.me/dahabs_chat,dahabs_chat,@dahabs_chat,3
https://t.me/yoga_dahab,yoga_dahab,Yoga Dahab Egypt Chat,3
https://t.me/AUH_forum,AUH_forum,Abu Dhabi chat,3
https://t.me/chat_Malaga_gay,chat_Malaga_gay,chat Málaga gay,3
https://t.me/hahafunnysearch,hahafunnysearch,смешные поисковые запросы wildberries,3
https://t.me/julia_alanyaart,julia_alanyaart,Julia Ruş Portfolyosu🎨,3
https://t.me/krabik42_2,krabik42_2,пьяный chat,3
https://t.me/qinorecommendchat1,qinorecommendchat1,A movie-tivated gal Chat,3
https://t.me/toplatindancechat,toplatindancechat,Top Latin Dance chat,3
https://t.me/cairoqme,cairoqme,novoseltsevaa Chat,2
https://t.me/TwoDicksMC_CNX,TwoDicksMC_CNX,Chat Two Dicks Motorcycle Club (Chiang Mai Chapter),2
https://t.me/barcelona_chat1,barcelona_chat1,Barcelona chat grp,2
https://t.me/pafoscoin_chat,pafoscoin_chat,Pafos chat,2
https://t.me/neean_muistiinpanoja_chat,neean_muistiinpanoja_chat,Записки перелетного хомяка Chat,2
https://t.me/AUH_chat,AUH_chat,Abu Dhabi chat,2
https://t.me/chat_kair,chat_kair,Каир,2
https://t.me/kair_chat,kair_chat,Каир чат,2
https://t.me/cairoYOUREBESTCHAT,cairoYOUREBESTCHAT,CAIRO CHAT🇪🇬/ КАИР ЧАТ🇪🇬,2
https://t.me/portupei_chat,portupei_chat,Portupei_ru Chat,2
https://t.me/chat_valensia,chat_valensia,Український чат Валенсія,2
https://t.me/KrAbIcj,KrAbIcj,База Краба Chat,2
https://t.me/expats_4at_vietnam,expats_4at_vietnam,Экспаты Чат.Вьетнам,2
https://t.me/LanQuePhuong_VungTau_247,LanQuePhuong_VungTau_247,Lan Quế Phường | Vũng Tàu | Chat Premium,2
https://t.me/Budva23,Budva23,Art03 Vision Chat,2
https://t.me/russian_4life_danang,russian_4life_danang,🪷4life Education💜 Russian,2
https://t.me/dahabountychat,dahabountychat,𝐛𝐨𝐮𝐧𝐭𝐲💘 Chat,2
https://t.me/PortoFloralChat,PortoFloralChat,PórtoFlóral Chat,2
https://t.me/UZOQDAGI_YAQINLARIM_CHAT_N1,UZOQDAGI_YAQINLARIM_CHAT_N1,Пхй гр😂,2
https://t.me/Buyer_Thai_Ru_chat,Buyer_Thai_Ru_chat,Buyer Thailand → Russia Chat,1
https://t.me/PaFoS_Tabak_Chat,PaFoS_Tabak_Chat,PaFoS_Chat,1
https://t.me/garagesaledanang,garagesaledanang,GARAGE Sale| Danang Rus,1
https://t.me/chat_muine,chat_muine,https://t.me/chat_muine,1
https://t.me/chat_pangana,chat_pangana,@Чат панган,1
https://t.me/Trabzonpaykassachat,Trabzonpaykassachat,TrabzonPay Kassa CHAT,1
https://t.me/olcchat,olcchat,One Love Colombos Chat,1
https://t.me/TurkeyinRussiaaa,TurkeyinRussiaaa,Turkey in Russia Chat,1
https://t.me/rixos_uae_for_russia_ej,rixos_uae_for_russia_ej,BongaCams StripChat ChatUrbate,1
https://t.me/pandasurfcangguchat,pandasurfcangguchat,🌊 Panda Surf Canggu 🐼 Chat,1
https://t.me/ExpatsinEspana,ExpatsinEspana,Expats in Spain,1
https://t.me/mafia_colombo,mafia_colombo,Mafia game. Chat,1
https://t.me/Belgrade_Munich_Liverpool_Lisbon,Belgrade_Munich_Liverpool_Lisbon,❄️BANSKO|PLOVDIV|VARNA|BURGAS|RUSE|VELIKO TARNOVO|NESSEBAR|SOZOPOL|SANDANSKI|PAMPOROVO,1
https://t.me/Chat_Portuga,Chat_Portuga,Chat Portugal,1
https://t.me/Russghada,Russghada,Russghada . Hurghada,1
https://t.me/phangan_fm_chat,phangan_fm_chat,Панган_ФМ,1
https://t.me/chat_fetkhie,chat_fetkhie,chat_fetkhie,1
https://t.me/Madeira7Heaven_Chat,Madeira7Heaven_Chat,Madeira7Heaven Chat,1
https://t.me/belek_chat1,belek_chat1,meow,1
https://t.me/jaraguayhl_solteirasq,jaraguayhl_solteirasq,Chat Ilhéus Aventuras românticas para solteiros - São Paulo Brasil,1
https://t.me/Sharms_chat,Sharms_chat,Sharms chat,1
https://t.me/marmarisssssssssssssssjd,marmarisssssssssssssssjd,ЧТО ? ГДЕ ? КОГДА? Chat,1
https://t.me/AEgamerOE777,AEgamerOE777,Hội Anh Em OE777 Chat,1
https://t.me/chat_barcelona_m,chat_barcelona_m,چت,1
https://t.me/Dahab_DE_Chat,Dahab_DE_Chat,Next Deutsch chat“Machen wir zusammen” 🔥,1
https://t.me/DahaBarberChat,DahaBarberChat,DahaBarber Chat,1
https://t.me/myhoianchat,myhoianchat,Хойан сегодня 🇻🇳 Чат,1
https://t.me/halong_chat,halong_chat,Халонг чат | Вьетнам,0
https://t.me/vietnam_man,vietnam_man,Вьетнам мужской чат | MAN Group,0
https://t.me/vietnamik,vietnamik,DIASPORA FOOD | Русские во Вьетнаме | ВЬЕТНАМ ЕДА - ВРЕМЯ ЕСТЬ,0
https://t.me/viet_viza,viet_viza,Виза Вьетнам | FAQ | E-visa | Чат Innam Solutions,0
https://t.me/autopartskorea_eurasiamotors,autopartskorea_eurasiamotors,"1,564 — Автоаксессуары из Кореи 'Eurasia Motors'",0
https://t.me/forum_korea,forum_korea,"7,709 — 🇰🇷 Корея чат",0
https://t.me/koreancity_shop,koreancity_shop,"1,705 — KoreANCity Магазин Корейской продукции ❤️",0
https://t.me/mastercar125chat,mastercar125chat,"3,143 — MasterCar125.ru 🚗",0
https://t.me/arenda_korea,arenda_korea,"3,242 — 💤 КОРЕЯ / жильё аренда недвижимость",0
https://t.me/autojpvdk,autojpvdk,"2,535 — 🚙 Заведи японца! 🚗",0
https://t.me/chat_vsya_korea,chat_vsya_korea,"8,230 — ИНФО. Вся Корея",0
https://t.me/diatechsauzb,diatechsauzb,387 — Diatech SA - Медицинское оборудование,0
https://t.me/fruitinfo,fruitinfo,"1,326 — Fruitinfo.ru 🍋🍏🥔 Овощи, фрукты оптом",0
https://t.me/group_vsya_korea,group_vsya_korea,"4,147 — Общение. Вся Корея",0
https://t.me/guidetokorea,guidetokorea,"4,774 — Путеводитель в Корею",0
https://t.me/korea_relokaciya,korea_relokaciya,"3,313 — Южная Корея / иммиграция релокация ВНЖ виза",0
https://t.me/koreacosmeticshoping_ua,koreacosmeticshoping_ua,"1,254 — Корейская косметика",0
https://t.me/koreainforu,koreainforu,"2,380 — Корея — Info",0
https://t.me/koreastyleua,koreastyleua,"1,735 — Авто из Кореи (обсуждение)🇺🇦🇺🇦🇺🇦",0
https://t.me/korenovka,korenovka,949 — Кореновск Ответы,0
https://t.me/meatinfotrade,meatinfotrade,"1,940 — Meatinfo.ru 🥩Мясо оптом Доска объявлений",0
https://t.me/milknettrade,milknettrade,"689 — Milknet.ru 🥛🧀 Молоко, сыр оптом",0
https://t.me/mykoreanwork,mykoreanwork,"4,161 — РАБОТА КОРЕЯ",0
https://t.me/nepopaldomoichat,nepopaldomoichat,"1,380 — Южная Корея-РФ. Взаимопомощь",0
https://t.me/ozonfbohelp,ozonfbohelp,"5,315 — Ozon: поддержка по поставкам FBO",0
https://t.me/pro1000parts,pro1000parts,973 — заведи японца!,0
https://t.me/rabota_vsya_korea,rabota_vsya_korea,"21,699 — РАБОТА. Вся Корея",0
https://t.me/southkoreachat,southkoreachat,195 — ЮЖНАЯ КОРЕЯ ЧАТ 🇰🇷,0
https://t.me/tae_house2,tae_house2,"1,223 — Поиск жилья в Корее #2 (Ансан)",0
https://t.me/woman_korea,woman_korea,752 — Южная Корея чат / WomanChat,0
https://t.me/zarabotaispolzoi,zarabotaispolzoi,"1,499 — Зарабатываем с пользой!❤️💰🎉",0
https://t.me/ashwem,ashwem,Ашвем ГОА,0
https://t.me/goapractic,goapractic,ГОА 🕉 ПРАКТИК,0
https://t.me/arenda_goa,arenda_goa,💤 ГОА / жильё аренда недвижимость,0
https://t.me/boardgoa,boardgoa,Купить Продать в Гоа / Goa,0
https://t.me/buyingoa,buyingoa,Купи Продай Гоа,0
https://t.me/goapeople2019,goapeople2019,Гоа People,0
https://t.me/goabikes,goabikes,Аренда байков в Гоа,0
https://t.me/goacoach,goacoach,Теории и практики в Гоа,0
https://t.me/goafree,goafree,ОТДАМ / Гоа,0
https://t.me/goahouses,goahouses,Аренда жилья в Гоа,0
https://t.me/goatick,goatick,Телепорт Гоа / Индия: Визы/Билеты/Опыт/Попутчики,0
https://t.me/goavisasam,goavisasam,🇮🇳 ГОА/ Индия /Русский Чат Форум/ Visasam.ru /Визы в Индию 2023 🇮🇳,0
https://t.me/kipish_goa,kipish_goa,Кипиш Гоа,0
https://t.me/medicinegoa,medicinegoa,Гоа Медицинская помощь,0
https://t.me/poput4iki,poput4iki,Попутчики Гоа+,0
https://t.me/goamarket,goamarket,♻️ ГОА / барахолка объявления чат,0
https://t.me/marketgoa,marketgoa,Барахолка Гоа,0
https://t.me/copsgps,copsgps,"1,943 — Cops GPS",0
https://t.me/goa_uslugi,goa_uslugi,"4,708 — 🐉 GOA / Частные услуги",0
https://t.me/pokatushkigoa,pokatushkigoa,96 — ЧетверЖГИ.,0
https://t.me/sportingoa,sportingoa,287 — 《《GoaСпорт 2023 // Sport in Goa》》,0
https://t.me/forum_india,forum_india,"10,503 — 🇮🇳 Индия чат",0
https://t.me/goa_south,goa_south,952 — 🐉 GOA / Юг,0
https://t.me/goa_spb,goa_spb,395 — 🐉 GOA / Питер / посылки и передачи,0
https://t.me/goabeauty,goabeauty,721 — Goa beauty,0
https://t.me/goapartymaker,goapartymaker,"3,687 — Goa party maker",0
https://t.me/goayoga,goayoga,481 — Yoga in Goa,0
https://t.me/argentina4u,argentina4u,"3,438 — АРГЕНТИНА / ЧАТ",0
https://t.me/argentinachild,argentinachild,"2,823 — Дети в Аргентине Chat",0
https://t.me/argentinatickets,argentinatickets,273 — ✈️ Авиабилеты в 🇦🇷Аргентину от Юлии 👧,0
https://t.me/nuveiba,nuveiba,Nuweiba,0
https://t.me/argentina_ru,argentina_ru,"14,844 — РУССКИЕ В АРГЕНТИНЕ 🇦🇷 ЧАТ / Аргентина - форум",0
https://t.me/buenosairesrent,buenosairesrent,741 — Аргентина Аренда Квартир 🏡 🇦🇷,0
https://t.me/sdelavshag,sdelavshag,"3,382 — Аргентина For You / by Blacksmith",0
https://t.me/argentina_360,argentina_360,"2,410 — Аргентина / объявления работа недвижимость чат",0
https://t.me/argentina_bg,argentina_bg,"11,019 — Чат Аргентина 🇦🇷 / B-G",0
https://t.me/argentina_forum,argentina_forum,"11,620 — 🇦🇷 Аргентина чат",0
https://t.me/argentina_medicina,argentina_medicina,медицина,0
https://t.me/argentina_pitomci,argentina_pitomci,питомцы,0
https://t.me/argentina_relokaciia,argentina_relokaciia,релокация,0
https://t.me/argentina_rusia,argentina_rusia,"1,791 — ✈️Еду в Аргентину🇦🇷 / Россию🇷🇺",0
https://t.me/argentina_visa,argentina_visa,ВНЖ и визы,0
https://t.me/argentinarusachat,argentinarusachat,"3,140 — Аргентина на русском языке / Сообщество",0
https://t.me/arglem,arglem,"3,262 — Аргентина, Лемос - ЧАТ",0
https://t.me/baiya_blanka,baiya_blanka,Баия-Бланка — общий,0
https://t.me/besplatnaia_dosca_obiavleniy,besplatnaia_dosca_obiavleniy,882 — Моя ♥️ Аргентина / объявления • услуги • работа,0
https://t.me/chat_argentina_ru,chat_argentina_ru,271 — Аргентина 🇦🇷 🇷🇺 Argentina ЧАТ,0
https://t.me/ruargentinachat,ruargentinachat,"5,982 — RuArgentina.Иммиграция",0
https://t.me/russian_argentina,russian_argentina,"1,142 — 🇦🇷 Русские в Аргентине",0
https://t.me/vyezd_v_argentina,vyezd_v_argentina,"1,250 — 🇦🇷 Русские в Аргентину / Выезд, Релокация, Обустройство",0
https://t.me/azorskie_ostrova,azorskie_ostrova,Азорские острова — общий,0
https://t.me/braga_ru,braga_ru,Брага — общий,0
https://t.me/lagos_chatik,lagos_chatik,Лагос — общий,0
https://t.me/left4portugal,left4portugal,"10,055 — left4portugal",0
https://t.me/setubal_chat,setubal_chat,Сетубал — общий,0
https://t.me/slrewiev,slrewiev,35 — Шри-Ланка отзывы🇱🇰 Sri Lanka reviews,0
https://t.me/shri_lanka_ru,shri_lanka_ru,"37,266 — Шри-Ланка 🇱🇰 Sri Lanka",0
https://t.me/shri_lanka_tranfer,shri_lanka_tranfer,"6,567 — Sri Lanka 🇱🇰 Трансфер Попутчики",0
https://t.me/shri_lanka_baby,shri_lanka_baby,"1,116 — С детьми 🇱🇰 Sri Lanka",0
https://t.me/shri_lanka_bike,shri_lanka_bike,"3,911 — Авто/байки 🇱🇰 Sri Lanka",0
https://t.me/shri_lanka_by_sell,shri_lanka_by_sell,"3,853 — Купи/Продай 🇱🇰 Sri Lanka",0
https://t.me/shri_lanka_fem,shri_lanka_fem,"1,881 — Для Женщин 🇱🇰 Sri Lanka",0
https://t.me/oteli_egipet,oteli_egipet,Отели,0
https://t.me/party_egipet,party_egipet,Движ,0
https://t.me/shri_lanka_inforussian,shri_lanka_inforussian,"1,163 — Шри Ланка 🇱🇰 Информационный центр, Экскурсии и транспорт 🏄🌴🇱🇰",0
https://t.me/shri_lanka_rent,shri_lanka_rent,"5,801 — Sri Lanka 🇱🇰 Аренда",0
https://t.me/sri_lanka_rf_covid19,sri_lanka_rf_covid19,54 — Госуслуги: Шри-Ланка — РФ,0
https://t.me/visa_sri,visa_sri,"1,046 — Виза Шри Ланка 🇱🇰 Visa Sri 🇱🇰 Визы на Шри Ланку",0
https://t.me/fly_srilanka,fly_srilanka,106 — Отмененные и не отмененные рейсы / Эвакуация - Шри-Ланка,0
https://t.me/indianvisa2022,indianvisa2022,"2,639 — Визы в Индию/ Шри-Ланку",0
https://t.me/lankaru,lankaru,"14,501 — Шри-Ланка 🌺 Sri Lanka",0
https://t.me/lankaruarenda,lankaruarenda,"1,436 — Аренда недвижимости 🌺 Шри-Ланка",0
https://t.me/mirissa_chat,mirissa_chat,"7,763 — 🌴🌊☀️🐋 ШриЛанка ЧАТ",0
https://t.me/news_shri_lanka,news_shri_lanka,Чаты Шри-Ланка,0
https://t.me/obmen_valut_sri_lanka,obmen_valut_sri_lanka,Обмен,0
https://t.me/poputchiki_srilanka,poputchiki_srilanka,30 — Ищу попутчиков/трансфер/отзывы Шри Ланка,0
https://t.me/shri_lanka_ahangama,shri_lanka_ahangama,Ahangama,0
https://t.me/shri_lanka_air_tickets,shri_lanka_air_tickets,Авиаперелеты,0
https://t.me/shri_lanka_ambalangoda,shri_lanka_ambalangoda,Ambalangoda,0
https://t.me/shri_lanka_arugambay,shri_lanka_arugambay,Arugam Bay,0
https://t.me/shri_lanka_bentota,shri_lanka_bentota,Bentota,0
https://t.me/shri_lanka_beruwala,shri_lanka_beruwala,Beruwala,0
https://t.me/shri_lanka_ekskursii,shri_lanka_ekskursii,Экскурсии,0
https://t.me/shri_lanka_ella,shri_lanka_ella,Ella,0
https://t.me/shri_lanka_galle,shri_lanka_galle,Galle,0
https://t.me/shri_lanka_hikkaduwa,shri_lanka_hikkaduwa,Hikkaduwa,0
https://t.me/shri_lanka_hotels,shri_lanka_hotels,Отели,0
https://t.me/shri_lanka_insurance,shri_lanka_insurance,Страховка,0
https://t.me/shri_lanka_kalpitiya,shri_lanka_kalpitiya,Kalpitiya,0
https://t.me/shri_lanka_kandy,shri_lanka_kandy,Kandy,0
https://t.me/shri_lanka_mamkin_businessman,shri_lanka_mamkin_businessman,Бизнес,0
https://t.me/shri_lanka_michelin,shri_lanka_michelin,Рестораны/кафе,0
https://t.me/shri_lanka_party,shri_lanka_party,Движ,0
https://t.me/shri_lanka_passekudah_kalkudah,shri_lanka_passekudah_kalkudah,Passekudah,0
https://t.me/shri_lanka_prices,shri_lanka_prices,Цены,0
https://t.me/shri_lanka_surfing,shri_lanka_surfing,Серфинг,0
https://t.me/shri_lanka_tangalle,shri_lanka_tangalle,Tangalle,0
https://t.me/shri_lanka_trincomalee,shri_lanka_trincomalee,Trincomalee,0
https://t.me/shri_lanka_uslugi,shri_lanka_uslugi,Услуги,0
https://t.me/shri_lanka_visa,shri_lanka_visa,Виза,0
https://t.me/shri_lanka_wadduwa,shri_lanka_wadduwa,Wadduwa,0
https://t.me/shri_lanka_weligama,shri_lanka_weligama,Weligama,0
https://t.me/shri_lanka_yoga,shri_lanka_yoga,Йога,0
https://t.me/sri_lanka_fun,sri_lanka_fun,Кунсткамера,0
https://t.me/sri_lanka_otzyvy,sri_lanka_otzyvy,Отзывы,0
https://t.me/sri_lanka_pets,sri_lanka_pets,Животные,0
https://t.me/sri_lanka_rabota,sri_lanka_rabota,Работа,0
https://t.me/sriktoletit,sriktoletit,595 — Кто летит на Шри-Ланку,0
https://t.me/srilanka_forum,srilanka_forum,"19,231 — Шри-Ланка",0
https://t.me/srilankadays,srilankadays,323 — Шри-Ланка / ЧАТ,0
https://t.me/egipet_baraholka,egipet_baraholka,Объявления Барахолка,0
https://t.me/egipetdlyvseh,egipetdlyvseh,"1,429 — 🌴 ЕГИПЕТ для всех 🌴",0
https://t.me/egyptnavigator,egyptnavigator,"8,072 — Египет🇪🇬 /Навигатор/Чат",0
https://t.me/alexandria_egipet,alexandria_egipet,Alexandria,0
https://t.me/avto_egipet,avto_egipet,Аренда Авто/Мото,0
https://t.me/biznes_egipet,biznes_egipet,Бизнес,0
https://t.me/dakhaba,dakhaba,Дахаб чат,0
https://t.me/deti_egipet,deti_egipet,С детьми,0
https://t.me/diving_egipet,diving_egipet,Дайвинг,0
https://t.me/egipet_obmen_valut,egipet_obmen_valut,Обмен валюты,0
https://t.me/egipet_otzyvy,egipet_otzyvy,Отзывы,0
https://t.me/egipet_uslugi,egipet_uslugi,Услуги,0
https://t.me/egipetb,egipetb,Египет чат,0
https://t.me/egypt_forum,egypt_forum,"6,443 — Египет Форум • Чат 🇪🇬 مصر",0
https://t.me/ekskursii_egipet,ekskursii_egipet,Экскурсии,0
https://t.me/ekspaty_egipet,ekspaty_egipet,Экспаты,0
https://t.me/oae_visa,oae_visa,"8,195 — ОАЭ / визы - ВНЖ - банковские карты",0
https://t.me/pyerto_riko,pyerto_riko,Пуэрто-Рико — Сан-Хуан,0
https://t.me/redsunavto_chat,redsunavto_chat,"4,516 — Автомобили на заказ СПб / Германия Япония Корея / Чат",0
https://t.me/relocation_dubai,relocation_dubai,"4,946 — Релокация в ОАЭ 🇦🇪",0
https://t.me/ruanda_chat,ruanda_chat,Руанда — Кигали,0
https://t.me/salwador_chat,salwador_chat,Сальвадор — Сан-Сальвадор,0
https://t.me/sentlusiya,sentlusiya,Сент-Люсия — Кастри,0
https://t.me/surinam_chat,surinam_chat,Суринам — Парамарибо,0
https://t.me/tunis_ru,tunis_ru,Тунис — Тунис,0
https://t.me/ummlatifa_ae,ummlatifa_ae,"1,953 — UL / Умм Латифа.ОАЭ",0
https://t.me/vanuatu_ru,vanuatu_ru,Вануату — Порт-Вила,0
https://t.me/portualegri,portualegri,общий,0
https://t.me/brasilia_forum,brasilia_forum,Бразилиа — общий,0
https://t.me/brazilia_forum,brazilia_forum,"6,018 — 🇧🇷 Бразилия чат",0
https://t.me/braziliya_grajdanstvo,braziliya_grajdanstvo,"гражданство, ВНЖ",0
https://t.me/braziliya_poputchiki,braziliya_poputchiki,попутчики,0
https://t.me/chat_brazilian,chat_brazilian,10 — ЧАТ БРАЗИЛИЯ,0
https://t.me/fortaleza_ru,fortaleza_ru,Форталеза — общий,0
https://t.me/resifi_chat,resifi_chat,Ресифи — общий,0
https://t.me/salvador_brazil,salvador_brazil,Сальвадор — общий,0
https://t.me/santos_chatik,santos_chatik,Сантос — общий,0
https://t.me/vitoria_ru,vitoria_ru,Витория — общий,0
https://t.me/chat_wechat,chat_wechat,WeChat,0
https://t.me/chendu_chat,chendu_chat,Чэнду — общий,0
https://t.me/chuncin_chat,chuncin_chat,Чунцин — общий,0
https://t.me/hainan_medicina,hainan_medicina,Хайнань — медицина,0
https://t.me/hainan_oteli,hainan_oteli,Хайнань — отели,0
https://t.me/hainan_znakomstva,hainan_znakomstva,Хайнань — знакомства,0
https://t.me/harbin_chat,harbin_chat,Харбин — общий,0
https://t.me/kitai_dostavka_biznes,kitai_dostavka_biznes,бизнес,0
https://t.me/kitai_medicina,kitai_medicina,медицина,0
https://t.me/kitai_ucheba,kitai_ucheba,учёба,0
https://t.me/nankin_chat,nankin_chat,Нанкин — общий,0
https://t.me/ninbo_chat,ninbo_chat,Нинбо — общий,0
https://t.me/saniya_chat,saniya_chat,Санья — общий,0
https://t.me/shenchjen_chat,shenchjen_chat,Шэньчжэнь — общий,0
https://t.me/tibet_chat,tibet_chat,Тибет — общий,0
https://t.me/bandos_maldivy,bandos_maldivy,Bandos,0
https://t.me/digura_maldivy,digura_maldivy,Dhigurah,0
https://t.me/feridu_maldivy,feridu_maldivy,Feridhoo,0
https://t.me/forum_maldives,forum_maldives,"6,386 — 🇲🇻 МАЛЬДИВЫ / чат - форум",0
https://t.me/fuladu_maldivy,fuladu_maldivy,Fulidhoo,0
https://t.me/guraido_maldivy,guraido_maldivy,Guraidhoo,0
https://t.me/maafushi_maldivy,maafushi_maldivy,Maafushi,0
https://t.me/maldives_oteli,maldives_oteli,отели,0
https://t.me/maldivy_oteli,maldivy_oteli,Отели,0
https://t.me/maldivyc,maldivyc,Чат Мальдивы,0
https://t.me/male_maldivy,male_maldivy,Male,0
https://t.me/rasdu_maldivy,rasdu_maldivy,Rasdhoo,0
https://t.me/san_maldivy,san_maldivy,Сан Мальдивы,0
https://t.me/tinadu_vaavu,tinadu_vaavu,Tinadu,0
https://t.me/toddu_maldivy,toddu_maldivy,Thulusdhoo,0
https://t.me/ukulhas_maldivy,ukulhas_maldivy,Ukulhas,0
https://t.me/vaadhu_maldivy,vaadhu_maldivy,Vaadhoo,0
https://t.me/ostrov_fregat,ostrov_fregat,Фрегат,0
https://t.me/ostrov_la_dig,ostrov_la_dig,Ла Диг,0
https://t.me/ostrov_praslin,ostrov_praslin,Праслин,0
https://t.me/ostrov_sent_ann,ostrov_sent_ann,Сент-Анн,0
https://t.me/ostrov_siluet,ostrov_siluet,Силуэт,0
https://t.me/seisheli_chat,seisheli_chat,Виктория — экспаты,0
https://t.me/seychelles_ru,seychelles_ru,Сейшелы чат,0
https://t.me/seyshely_avto,seyshely_avto,Аренда машины байка,0
https://t.me/seyshely_dayving,seyshely_dayving,Дайвинг,0
https://t.me/seyshely_ekskursii,seyshely_ekskursii,Экскурсии,0
https://t.me/seyshely_oteli,seyshely_oteli,Отели,0
https://t.me/transfer_seyshely,transfer_seyshely,Трансфер такси,0
https://t.me/billboard_dubai,billboard_dubai,"Дубай: чат, объявления / Работа / Знакомства / Барахолка / Бизнес / Ав",0
https://t.me/dubai_chat_oae,dubai_chat_oae,Чат ДУБАЙ,0
https://t.me/dubai_lux_rental,dubai_lux_rental,Аренда Дубай Сдам/Сниму Премиум,0
https://t.me/dubai_rus_chat,dubai_rus_chat,"Дубай Чат Вопрос-Ответ🇦🇪! ВНЖ! Услуги, знакомства!",0
https://t.me/dubaisend,dubaisend,Дубай / Передача посылок 📦,0
https://t.me/ndv337,ndv337,Инвестиции в МСК/СПБ/ДУБАЙ,0
https://t.me/viza_dubai,viza_dubai,Визы / ВНЖ / Дубай🇦🇪,0
https://t.me/vip_real_estate_sochi,vip_real_estate_sochi,Недвижимость в Сочи🌴,0
https://t.me/avia_tashkent,avia_tashkent,188 — aviakassa-TOSHKENT,0
https://t.me/flyconcierge,flyconcierge,"13,719 — Билеты Канада/США/Мексика",0
https://t.me/mextous,mextous,"1,804 — Иммиграция Мексика - США",0
https://t.me/puertolacruz_chat,puertolacruz_chat,Пуэрто-ла-Крус — общий,0
https://t.me/mexicotousa,mexicotousa,"11,633 — Иммиграция в США через Мексику самостоятельно",0
https://t.me/gid_victor,gid_victor,134 — Экскурсии в Мексике с туристическим оператором Рико-Тур,0
https://t.me/gotousa3,gotousa3,"3,960 — 🇺🇸Big USA / Мексика 🇲🇽 / CBP one ✈️",0
https://t.me/playa_del_carmen_chat,playa_del_carmen_chat,Плайя-дель-Кармен — общий,0
https://t.me/puerto_vallarta_chat,puerto_vallarta_chat,Пуэрто-Валлярта — общий,0
https://t.me/tulum_chat,tulum_chat,Тулум — общий,0
https://t.me/dammam_chat,dammam_chat,Даммам — общий,0
https://t.me/djedda_chat,djedda_chat,Джедда — общий,0
https://t.me/mecca_chat,mecca_chat,Мекка — общий,0
https://t.me/medina_chat,medina_chat,Медина — общий,0
https://t.me/neom_forum,neom_forum,Неом — общий,0
https://t.me/oxagon_chat,oxagon_chat,Оксагон — общий,0
https://t.me/saudovskayaaraviya_rabota,saudovskayaaraviya_rabota,работа,0
https://t.me/saydovskaya_araviya,saydovskaya_araviya,объявления,0
https://t.me/trojena_chat,trojena_chat,Трожена — общий,0
https://t.me/borneo_chat,borneo_chat,Борнео — общий,0
https://t.me/langkavi_chat,langkavi_chat,Лангкави — объявления,0
https://t.me/langkawichat,langkawichat,Лангкави — общий,0
https://t.me/malaysia_women,malaysia_women,женский,0
https://t.me/malaziya_medicina,malaziya_medicina,медицина,0
https://t.me/pinang_chat,pinang_chat,Пинанг — общий,0
https://t.me/student_malaysia,student_malaysia,учёба,0
https://t.me/visa_malaysia,visa_malaysia,визы,0
https://t.me/alyaska_chat,alyaska_chat,Аляска — общий,0
https://t.me/america_relokaciya,america_relokaciya,релокация,0
https://t.me/braiton_bich,braiton_bich,Брайтон-Бич — общий,0
https://t.me/florida_chat,florida_chat,Флорида — общий,0
https://t.me/kaliforniya_chat,kaliforniya_chat,Калифорния — общий,0
https://t.me/las_vegas_chat,las_vegas_chat,Лас-Вегас — общий,0
https://t.me/medicina_usa,medicina_usa,медицина,0
https://t.me/viza_v_ameriky,viza_v_ameriky,визы,0
https://t.me/goa_moto,goa_moto,мото,0
https://t.me/auroville_chat,auroville_chat,Ауровиль — общий,0
https://t.me/bangalorchat,bangalorchat,Бангалор — общий,0
https://t.me/chennai_ru,chennai_ru,Ченнай — общий,0
https://t.me/indiya_chat,indiya_chat,туристы,0
https://t.me/indiya_poputchiki,indiya_poputchiki,попутчики,0
https://t.me/kalkutta_chat,kalkutta_chat,Калькутта — общий,0
https://t.me/kochi_india,kochi_india,Кочи — общий,0
https://t.me/africa_market,africa_market,объявления,0
https://t.me/ceiptaun_chat,ceiptaun_chat,Кейптаун — объявления,0
https://t.me/durban_chatik,durban_chatik,Дурбан — общий,0
https://t.me/iohannesburg_chat,iohannesburg_chat,Йоханнесбург — общий,0
https://t.me/keiptaun_chat,keiptaun_chat,Кейптаун — экспаты,0
https://t.me/keiptayn_chat,keiptayn_chat,Кейптаун — тусовки,0
https://t.me/port_elizabet,port_elizabet,Порт-Элизабет — общий,0
https://t.me/pretoriya_chat,pretoriya_chat,Претория — общий,0
https://t.me/albaniaotpusk,albaniaotpusk,"1,795 — Албанія/Чорногорія 2023",0
https://t.me/albania_forum,albania_forum,"9,072 — 🇦🇱 Албания чат",0
https://t.me/albaniya_chat,albaniya_chat,объявления,0
https://t.me/carteryulia,carteryulia,"2,807 — 🛬🛫ЧАРТЕРНІ РЕЙСИ🚍🚌",0
https://t.me/saranda_ru,saranda_ru,Саранда — общий,0
https://t.me/vlora_chat,vlora_chat,Влёра — общий,0
https://t.me/finlyandiya_chat,finlyandiya_chat,"жильё, барахолка",0
https://t.me/finlyandiya_it,finlyandiya_it,IT,0
https://t.me/finlyandiya_medicina,finlyandiya_medicina,медицина,0
https://t.me/finlyandiya_rabota,finlyandiya_rabota,работа,0
https://t.me/chile_pass,chile_pass,"1,771 — Паспорт Чили - гражданство под ключ, безвизовое перемещение по миру 🗺",0
https://t.me/chili_forum,chili_forum,"4,230 — 🇨🇱 Чили чат",0
https://t.me/petirjon,petirjon,"1,936 — ГУРПА ПИТЕР ИШ КВАРТИРА",0
https://t.me/piterdaishe,piterdaishe,651 — ПИТЕРДА ИШ ЕЛОН.,0
https://t.me/dirhamrubl,dirhamrubl,428 — 🇲🇦🇷🇺 обмен дирхамы Марокко рубли,0
https://t.me/forum_morocco,forum_morocco,"2,367 — Марокко чат 🇲🇦",0
https://t.me/maroccochat,maroccochat,"397 — Россия - Марокко 🇲🇦🇷🇺 Общение, Помощь, Виза, Авиаперелеты, Путешествия",0
https://t.me/marokko_ru,marokko_ru,объявления,0
https://t.me/serbiya_avto,serbiya_avto,авторынок,0
https://t.me/serbiya_nedvijimost,serbiya_nedvijimost,недвижимость,0
https://t.me/serbiya_poputchiki,serbiya_poputchiki,попутчики,0
https://t.me/serbiya_relokaciya,serbiya_relokaciya,релокация,0
https://t.me/estoniya_it,estoniya_it,IT,0
https://t.me/estoniya_medicina,estoniya_medicina,медицина,0
https://t.me/estoniya_rabota,estoniya_rabota,работа,0
https://t.me/caracas_chat,caracas_chat,Каракас — экспаты,0
https://t.me/margarita_chatik,margarita_chatik,Маргарита — общий,0
https://t.me/venesuela_baraholka,venesuela_baraholka,объявления,0
https://t.me/iran_avito,iran_avito,объявления,0
https://t.me/keshm_chat,keshm_chat,Кешм — общий,0
https://t.me/kish_ru,kish_ru,Киш — общий,0
https://t.me/borovoe_chat,borovoe_chat,Боровое — общий,0
https://t.me/kazakhstan_vnj,kazakhstan_vnj,"ВНЖ, визы",0
https://t.me/colombia_chat,colombia_chat,"1,743 — 🇨🇴 Колумбия чат",0
https://t.me/columbiia_chat,columbiia_chat,объявления,0
https://t.me/latviya_it,latviya_it,IT,0
https://t.me/latviya_medicina,latviya_medicina,медицина,0
https://t.me/latviya_rabota,latviya_rabota,работа,0
https://t.me/ekvador_ru,ekvador_ru,объявления,0
https://t.me/galapagos_chat,galapagos_chat,Галапагосы — общий,0
https://t.me/brisben_chat,brisben_chat,Брисбен — общий,0
https://t.me/canberra_ru,canberra_ru,Канберра — общий,0
https://t.me/armeniya_pitomci,armeniya_pitomci,питомцы,0
https://t.me/armeniya_ru,armeniya_ru,туристы,0
https://t.me/bolgariya_vnj,bolgariya_vnj,ВНЖ и визы,0
https://t.me/mydominicana,mydominicana,"2,612 — ДОМИНИКАНА / ТУРИЗМ / ЧАТ☀️",0
https://t.me/bavaro_chat,bavaro_chat,Баваро — общий,0
https://t.me/forum_dr,forum_dr,"2,279 — 🇩🇴 Доминикана чат",0
https://t.me/izrail_pitomci,izrail_pitomci,питомцы,0
https://t.me/izrail_poputchiki,izrail_poputchiki,попутчики,0
https://t.me/izrailru,izrailru,туристы,0
https://t.me/corsica_chat,corsica_chat,Корсика — общий,0
https://t.me/reynion_chat,reynion_chat,Реюньон — общий,0
https://t.me/germaniya_medicina,germaniya_medicina,медицина,0
https://t.me/germaniya_pitomci,germaniya_pitomci,питомцы,0
https://t.me/santorini_chatik,santorini_chatik,Санторини — общий,0
https://t.me/kambodja_medicina,kambodja_medicina,медицина,0
https://t.me/islandiya_chatik,islandiya_chatik,Рейкьявик — объявления,0
https://t.me/bolcano_chat,bolcano_chat,Больцано — общий,0
https://t.me/luxembourg_chat,luxembourg_chat,Люксембург — общий,0
https://t.me/mavrikiy_chatik,mavrikiy_chatik,Порт-Луи — объявления,0
https://t.me/macao_chat,macao_chat,Макао — общий,0
https://t.me/monacochat,monacochat,Монако — общий,0
https://t.me/yangon_chat,yangon_chat,Янгон — общий,0
https://t.me/mozambic_chat,mozambic_chat,Мапуту — общий,0
https://t.me/paragvai_chat,paragvai_chat,Асунсьон — общий,0
https://t.me/sloveniya_chat,sloveniya_chat,Любляна — объявления,0
https://t.me/sanmarino_chat,sanmarino_chat,Сан-Марино — общий,0
https://t.me/vietnam_general,vietnam_general,Stake chính thức,0
https://t.me/malaziya_viza,malaziya_viza,Малайзия виза | ВНЖ ПМЖ,0
https://t.me/egipet_forum,egipet_forum,ЕГИПЕТ 🏝 ФОРУМ ЧАТ,0
https://t.me/sale2119,sale2119,Барахолка ЖК Кварталы 21/19 / ЖК SREDA,0
https://t.me/forum_mexico,forum_mexico,Уезжант форум - Едем в Мексику | эмиграция чат,0
https://t.me/india_visa_shantiom,india_visa_shantiom,Виза Индия | Гоа | Шри-Ланка | Вьетнам | Камбоджа | Южная Корея. Goa. e-Visa. Индийская виза. Vietnam. K-ETA,0
https://t.me/kushadasi_avito,kushadasi_avito,объявления,0
https://t.me/community_ge,community_ge,IT Community of Georgia 🇬🇪 | АйТи Грузия / Хайринг / Вакансии ITGE,0
https://t.me/alanya_tursia,alanya_tursia,Alanya,0
https://t.me/antalya16,antalya16,Antalya,0
https://t.me/avto_tursia,avto_tursia,Авто Мото,0
https://t.me/baraholka_tursia,baraholka_tursia,Объявления Купи Продай,0
https://t.me/bodrum_tursia,bodrum_tursia,Bodrum,0
https://t.me/bursap,bursap,Bursa,0
https://t.me/deti_tursia,deti_tursia,С детьми,0
https://t.me/anamur_chat,anamur_chat,Анамур чат | Турция,0
https://t.me/alachati_chat,alachati_chat,Алачати чат | Турция,0
https://t.me/kavkaz_tir,kavkaz_tir,КАВКАЗ 🏔 ДАЛЬНОБОЙЩИКИ,0
https://t.me/ankara_tursia,ankara_tursia,Анкара 🇹🇷 чат,0
https://t.me/eda_tursia,eda_tursia,Рестораны Кафе,0
https://t.me/arenda_tursia,arenda_tursia,Недвижимость 🇹🇷 Турция,0
https://t.me/ayvalik_chat,ayvalik_chat,Айвалык чат | Турция,0
https://t.me/biznes_tursia,biznes_tursia,Бизнес в 🇹🇷 Турции,0
https://t.me/chanakkale_chat,chanakkale_chat,Чанаккале чат | Турция,0
https://t.me/fethie_tursia,fethie_tursia,Fethiye,0
https://t.me/demre_chat,demre_chat,Демре чат | Турция,0
https://t.me/dopomoga_turkiye,dopomoga_turkiye,ТУРЦИЯ & УКРАИНA,0
https://t.me/finike_chat,finike_chat,Финике чат | Турция,0
https://t.me/ekskursii_tursia,ekskursii_tursia,ЧАТ Экскурсии 🇹🇷 Турция,0
https://t.me/gazipasha_tursia,gazipasha_tursia,Газипаша 🇹🇷 чат,0
https://t.me/hiring_relocatin_hr_it,hiring_relocatin_hr_it,IT Вакансии | Jobs | Алерон делится,0
https://t.me/kodjaeli_chat,kodjaeli_chat,Коджаэли чат | Турция,0
https://t.me/oteli_tursia,oteli_tursia,Отели 🇹🇷 Турция,0
https://t.me/posylki_tursia,posylki_tursia,Маленькая лошадка 🇹🇷 Турция посылки,0
https://t.me/party_tursia,party_tursia,🇹🇷 Турецкий Движ Вечеринки,0
https://t.me/cheshme_chat,cheshme_chat,Чешме чат | Турция,0
https://t.me/forum_turkey,forum_turkey,Недвижимость Турция,0
https://t.me/iskenderun_chat,iskenderun_chat,Искендерун чат | Турция,0
https://t.me/payallar_chat,payallar_chat,Паяллар чат | Турция,0
https://t.me/gototr,gototr,Переезд в Турцию (GoToTr) - чат Софьи Паскаль,0
https://t.me/kemerc,kemerc,Kemer,0
https://t.me/kyshadasi_tursia,kyshadasi_tursia,Kusadasi,0
https://t.me/medicina_tursia,medicina_tursia,Медицина,0
https://t.me/obmen_tursia,obmen_tursia,Обмен валют,0
https://t.me/otzovy_tursia,otzovy_tursia,Отзывы,0
https://t.me/antalya_appart,antalya_appart,白 Hmmmmmmmm ma,0
https://t.me/realyalanya,realyalanya,"3,674 — ПЕРЕЕЗД В ТУРЦИЮ. АЛАНИЯ",0
https://t.me/relocationguideturkey,relocationguideturkey,"8,885 — Турция 🆘",0
https://t.me/relokaciya_turciya,relokaciya_turciya,релокация,0
https://t.me/sarpi_ge,sarpi_ge,"9,077 — ГРУЗИЯ 🇬🇪🇹🇷 ТУРЦИЯ",0
https://t.me/trabzonb,trabzonb,Trabzon,0
https://t.me/turcia_arenda,turcia_arenda,"7,894 — 💤 ТУРЦИЯ / жильё аренда недвижимость",0
https://t.me/turciya_vnj,turciya_vnj,"ВНЖ, визы",0
https://t.me/turtsiab,turtsiab,Чат Турция,0
https://t.me/tyrciyachat,tyrciyachat,туристы,0
https://t.me/vnz_tursia,vnz_tursia,Виза ВНЖ,0
https://t.me/women_tursia,women_tursia,Женский чат,0
https://t.me/borjomi_chatik,borjomi_chatik,объявления,0
https://t.me/rize_chat,rize_chat,Ризе чат,0
https://t.me/rustyrkey,rustyrkey,Русская Турция 🌴,0
https://t.me/russiansin_northcyprus,russiansin_northcyprus,Русские на Северном Кипре,0
https://t.me/turciya_banki,turciya_banki,"Турция банки | карты, счёт, переводы",0
https://t.me/yourealate,yourealate,YOUR REAL ESTATE,0
https://t.me/kutaisi_arenda_rabota_baraholka,kutaisi_arenda_rabota_baraholka,Кутаиси | объявления барахолка работа недвижимость чат,0
https://t.me/transfer_tursia,transfer_tursia,Попутчики Такси 🇹🇷 Турция,0
https://t.me/turciya_biznes,turciya_biznes,Турция | бизнес,0
https://t.me/turkarenda,turkarenda,ТУРЦИЯ АРЕНДА И ПРОДАЖА,0
https://t.me/uslugi_tursia,uslugi_tursia,Услуги 🇹🇷 Турция,0
https://t.me/geohelp01,geohelp01,"2,575 — Взаимопомощь в Грузии 🇬🇪❤️",0
https://t.me/spb_fulfillment,spb_fulfillment,"3,898 — Фулфилмент Санкт-Петербург/ ФФ СПБ /Фулфилмент в спб FF_service_SPB",0
https://t.me/vyezd_v_turkey,vyezd_v_turkey,"Русские в Турцию | Выезд, Релокация, Обустройство",0
https://t.me/yalova_turciya,yalova_turciya,Ялова чат | Турция,0
https://t.me/zhivotnie_tursia,zhivotnie_tursia,🇹🇷 Турецкий Котопес,0
https://t.me/mezgorodru,mezgorodru,АНОНСЫ ВЫСТАВОК НА 2024 ГОД,0
https://t.me/samui_deti,samui_deti,родители,0
https://t.me/samui_uslugi,samui_uslugi,услуги,0
https://t.me/phuket_mastera,phuket_mastera,мастера,0
https://t.me/phuket_tysa,phuket_tysa,тусовки,0
https://t.me/drzblch,drzblch,"Межгалактический Чат / Индия, Гоа, Непал, Шри-Ланка, Таиланд, Индонези",0
https://t.me/forum_pangan,forum_pangan,Панган / чат - форум,0
https://t.me/krabiru,krabiru,общий,0
https://t.me/phiphi_chat,phiphi_chat,общий,0
https://t.me/relokaciya_gruziya,relokaciya_gruziya,релокация,0
https://t.me/bangkok17,bangkok17,Bangkok,0
https://t.me/santacruzdetenerife_chat,santacruzdetenerife_chat,общий,0
https://t.me/detskayabarakholka_ik_np,detskayabarakholka_ik_np,"Детская барахолка / Объявления Испанские кварталы, НП, НХ, Прокшино",0
https://t.me/obiyavleniya_ispanckie_kv,obiyavleniya_ispanckie_kv,"Объявления / Барахолка Испанские кварталы, Николин парк, Прокшино, Вяз",0
https://t.me/valensiya_chat,valensiya_chat,общий,0
https://t.me/madrid_ru,madrid_ru,общий,0
https://t.me/budva_ru,budva_ru,общий,0
https://t.me/tivat_chat,tivat_chat,общий,0
https://t.me/uslugi_tailand,uslugi_tailand,Услуги,0
https://t.me/bali_i,bali_i,туристы,0
https://t.me/bali_pitomci,bali_pitomci,питомцы,0
https://t.me/top360_chat,top360_chat,банки,0
https://t.me/bali_vizaran,bali_vizaran,визаран,0
https://t.me/lombok_chat,lombok_chat,общий,0
https://t.me/danang_expats,danang_expats,экспаты,0
https://t.me/club_tochka_rosta,club_tochka_rosta,ВЫСТAВКИ В РОССИИ,0
https://t.me/forum_muine,forum_muine,АНОНСЫ ВЫСТАВОК В РОССИИ,0
https://t.me/phanthiet_chat,phanthiet_chat,Фантьет чат | Вьетнам,0
https://t.me/bali_expat_home,bali_expat_home,Bali Expat Housing,0
https://t.me/goa_znakomstva,goa_znakomstva,🐉 GOA / Экстрим ЗнакОМства ॐ,0
https://t.me/buenosaires_chatik,buenosaires_chatik,тусовки,0
https://t.me/byenos_aires,byenos_aires,экспаты,0
https://t.me/barselona_chatik,barselona_chatik,экспаты,0
https://t.me/lissabon_expats,lissabon_expats,экспаты,0
https://t.me/funchal_chat,funchal_chat,общий,0
https://t.me/funshal_chat,funshal_chat,объявления,0
https://t.me/albufeira_chat,albufeira_chat,общий,0
https://t.me/argentina_rentista,argentina_rentista,618 — Аргентина / РАНТЬЕ 🏡 🇦🇷,0
https://t.me/shri_lanka_med,shri_lanka_med,"1,257 — Медицина 🇱🇰 Sri Lanka",0
https://t.me/dubai_pitomci,dubai_pitomci,питомцы,0
https://t.me/dubai_poputchiki,dubai_poputchiki,попутчики,0
https://t.me/relokaciya_dubai,relokaciya_dubai,релокация,0
https://t.me/fudjeira_chat,fudjeira_chat,общий,0
https://t.me/florianopolis_chat,florianopolis_chat,объявления,0
https://t.me/florianopolis_woman,florianopolis_woman,женский,0
https://t.me/rio_dejaneiro_chat,rio_dejaneiro_chat,объявления,0
https://t.me/riodejaneiro_chat,riodejaneiro_chat,женский,0
https://t.me/riodejaneiro_expats,riodejaneiro_expats,экспаты,0
https://t.me/maldivi_ru,maldivi_ru,"банки, обмен",0
https://t.me/cindao_chat,cindao_chat,Циндао — общий,0
https://t.me/dalian_ru,dalian_ru,Далянь — общий,0
https://t.me/iy_chat,iy_chat,Иу — общий,0
https://t.me/er_riiad,er_riiad,родители,0
https://t.me/helsinki_deti,helsinki_deti,родители,0
https://t.me/helsinki_woman,helsinki_woman,женский,0
https://t.me/dubaitopic,dubaitopic,Полезный чат: Дубай,0
https://t.me/dybaigo,dybaigo,ДУБАЙ / Go,0
https://t.me/santiago_chili,santiago_chili,объявления,0
https://t.me/santiago_forum,santiago_forum,экспаты,0
https://t.me/kasablanka_chat,kasablanka_chat,общий,0
https://t.me/tallin_deti,tallin_deti,родители,0
https://t.me/tallin_woman,tallin_woman,женский,0
https://t.me/tegeran_chat,tegeran_chat,общий,0
https://t.me/almaty_deti,almaty_deti,родители,0
https://t.me/almaty_medicina,almaty_medicina,медицина,0
https://t.me/bogota_colombia,bogota_colombia,экспаты,0
https://t.me/medelin_chat,medelin_chat,экспаты,0
https://t.me/riga_woman,riga_woman,женский,0
https://t.me/cuenca_chat,cuenca_chat,экспаты,0
https://t.me/quito_chat,quito_chat,экспаты,0
https://t.me/adelaida_chat,adelaida_chat,общий,0
https://t.me/pert_chat,pert_chat,общий,0
https://t.me/calgary_chat,calgary_chat,общий,0
https://t.me/monreal_ru,monreal_ru,общий,0
https://t.me/ottawa_ru,ottawa_ru,общий,0
https://t.me/vancuver_chat,vancuver_chat,общий,0
https://t.me/paris_expats,paris_expats,экспаты,0
https://t.me/el_guna,el_guna,El Gouna,0
https://t.me/kostarika_ru,kostarika_ru,объявления,0
https://t.me/london_expats,london_expats,экспаты,0
https://t.me/osaca_chat,osaca_chat,общий,0
https://t.me/saigon_services,saigon_services,Красота и клининг,0
https://t.me/kampot_chat,kampot_chat,Кампот — общий,0
https://t.me/rioz_chat,rioz_chat,Rioz chat🫩,0
https://t.me/kostarika_chat,kostarika_chat,"2,244 — 🇨🇷 Коста-Рика чат",0
https://t.me/gawana_chat,gawana_chat,Гавана — экспаты,0
https://t.me/varadero_chat,varadero_chat,Варадеро — общий,0
https://t.me/andorra_chat,andorra_chat,Андорра-ла-Велья — общий,0
https://t.me/angola_ru,angola_ru,Луанда — общий,0
https://t.me/bagam_chat,bagam_chat,Нассау — общий,0
https://t.me/bahrein_chatik,bahrein_chatik,Манама — объявления,0
https://t.me/blackrussia_Brazil_chat,blackrussia_Brazil_chat,Чат BLACK RUSSIA. Canal oficial do Brasil,0
https://t.me/ankara_chat1,ankara_chat1,kızlar tanıdık toplantılar,0
https://t.me/fem_egipet,fem_egipet,Женский,0
https://t.me/forum_egypt,forum_egypt,"5,582 — 🇪🇬 Египет чат",0
https://t.me/hurgada_life,hurgada_life,"1,082 — Египет- время для путешествий 🇪🇬",0
https://t.me/kair_egipet,kair_egipet,Cairo,0
https://t.me/kaytserfing,kaytserfing,Кайтсерфинг (Египет),0
https://t.me/khurgadab,khurgadab,Hurghada,0
https://t.me/kvartiry_doma_egipet,kvartiry_doma_egipet,Недвижимость,0
https://t.me/marsaalam_egipet,marsaalam_egipet,Marsa Alam,0
https://t.me/meditsina_egipet,meditsina_egipet,Медицина,0
https://t.me/posylki_egipet,posylki_egipet,Посылки,0
https://t.me/restorany_egipet,restorany_egipet,Рестораны/Кафе,0
https://t.me/sahlhasheeshe,sahlhasheeshe,Sahl Hasheesh,0
https://t.me/sharmelsheih_egipet,sharmelsheih_egipet,Sharm El-Sheikh,0
https://t.me/taba_egipet,taba_egipet,Taba,0
https://t.me/transfer_egipet,transfer_egipet,Трансфер Попутчики,0
https://t.me/sm_hearts_group,sm_hearts_group,SharpMinds Hearts Lisbon Chat,0
https://t.me/parfumikspain,parfumikspain,Духи ( Alicante ) Chat,0
https://t.me/sharm_chat1,sharm_chat1,Эликсир вечного шарма Chat,0
https://t.me/pafosmem_chat,pafosmem_chat,Pafos Coin Chat,0
https://t.me/cairo_chronicle_chat,cairo_chronicle_chat,Каирские хроники Chat,0
https://t.me/guudauuri,guudauuri,Gudauri every day📍 Chat,0
https://t.me/rus_spain24,rus_spain24,"¡Hola, amigos! Chat",0
https://t.me/krabik_chat,krabik_chat,×🦀крабовая палочка🦀×,0
https://t.me/fishing_chiangmai_chat,fishing_chiangmai_chat,Рыбалка в Чианг Мае Chat,0
https://t.me/Chiangmai_Chatroom,Chiangmai_Chatroom,Болталка в Чиангмае,0
https://t.me/chatparkphibrstar,chatparkphibrstar,Чат Парк ПХИБР СТАР 🚕,0
https://t.me/chat_salat,chat_salat,ПХИХИческое спокойствие,0
https://t.me/mohiro_turkey,mohiro_turkey,مهاجران ترکیه | Turkey Expats,0
https://t.me/suco_de_madeira_chat,suco_de_madeira_chat,Мадейра с мякотью Chat,0
https://t.me/vakansii_egipet,vakansii_egipet,Работа,0
https://t.me/viza_egipet,viza_egipet,Виза ВНЖ,0
https://t.me/zhivotnye_egipet,zhivotnye_egipet,Животные,0
https://t.me/batareyka125rus,batareyka125rus,"3,351 — Батарейка25 - авто из Японии, Кореи и ОАЭ",0
https://t.me/gstoremobilefzco,gstoremobilefzco,"14,040 — GStore Mobile FZCO",0
https://t.me/avtooae1,avtooae1,61 — АВТОзапчасти из ОАЭ🇦🇪,0
https://t.me/avtobroker30,avtobroker30,"2,290 — «GREEN LINE» АВТО, СПЕЦТЕХНИКА,АВТОЗАПЧАСТИ из ОАЭ-РФ АСТРАХАНЬ Chat",0
https://t.me/caboverde_chat,caboverde_chat,Кабо-Верде — Прая,0
https://t.me/dominica_chatik,dominica_chatik,Доминика — Розо,0
https://t.me/forum_uae,forum_uae,"25,675 — 🇦🇪 ОАЭ чат",0
https://t.me/gabon_ru,gabon_ru,Габон — Либревиль,0
https://t.me/gaiana_chat,gaiana_chat,Гайана — Джорджтаун,0
https://t.me/gaiti_chat,gaiti_chat,Гаити — Порт-о-Пренс,0
https://t.me/gana_chat,gana_chat,Гана — Аккра,0
https://t.me/gonduras_chat,gonduras_chat,Гондурас — Тегусигальпа,0
https://t.me/gvatemala_chat,gvatemala_chat,Гватемала — Гватемала,0
https://t.me/kamerun_chat,kamerun_chat,Камерун — Яунде,0
https://t.me/kosmolux,kosmolux,198 — ТЕСТЕРЫ •СЕЛЕКТИВ• БРЕНДОВЫЕ СУМКИ 🛍 KOSMOLUX54,0
https://t.me/macedoniya_chat,macedoniya_chat,Северная Македония — Скопье,0
https://t.me/martinika_chat,martinika_chat,Мартиника — Фор-де-Франс,0
https://t.me/namibiya_chat,namibiya_chat,Намибия — Виндхук,0
https://t.me/nauru_chat,nauru_chat,Науру — Ярен,0
https://t.me/oae_gr,oae_gr,"7,648 — Объединенные Арабские Эмираты",0
https://t.me/nhatrang_life,nhatrang_life,Жизнь и сервисы,0
https://t.me/nhatrang_sport,nhatrang_sport,Спортивный,0
https://t.me/belek_123,belek_123,Будьте на связи со мной😎 Chat,0
https://t.me/valensia_home_chat,valensia_home_chat,valensia home,0
https://t.me/valensiaartist_chat,valensiaartist_chat,Валентина Смирнова: Художник комментарии,0
https://t.me/myturkey_chat,myturkey_chat,ТУРЦИЯ 🇹🇷 ЧАТ | Анталия,0
https://t.me/alanya_forum,alanya_forum,АНОНСЫ ВЫСТАВОК НА 2024 ГОД,0
https://t.me/poputchikturkiye,poputchikturkiye,ТУРЦИЯ - Трансфер / Посылки / Курьеры / Попутчики,0
https://t.me/belekkky,belekkky,📓Дневник Беллы🕷️ Chat,0
https://t.me/neshinsan_muichiro1edit,neshinsan_muichiro1edit,neshinsan chati,0
https://t.me/muichiro_needL,muichiro_needL,mui_talking chat,0
https://t.me/danylater,danylater,later<3 Chat,0
https://t.me/verkhniylarsi,verkhniylarsi,"10,427 — Верхний Ларс",0
https://t.me/batumi_home_tour,batumi_home_tour,"8,470 — 🔥Туры по 🇬🇪 Грузии 🌊 Водопады 🦩Парки 🤿 Дайвинг 🚣‍♀️ Рафтинг 🧗‍♀️ Каньо",0
https://t.me/gefreelance,gefreelance,"2,577 — 🇬🇪⚔️Из России в Грузию",0
https://t.me/georgia_finance_chat,georgia_finance_chat,"5,038 — Открытие банковского счёта, ИП, PayPal Грузия/ Чат",0
https://t.me/georgia_it,georgia_it,"3,333 — ГРУЗИЯ / IT чат",0
https://t.me/georgiaitjobs,georgiaitjobs,"2,293 — IT's A JOB: ИТ-вакансии и CV в Грузии и Армении",0
https://t.me/georgiau,georgiau,"1,424 — Грузия uncensored 🍇",0
https://t.me/gruziya_biznes,gruziya_biznes,бизнес,0
https://t.me/gruziya_ekskyrsii,gruziya_ekskyrsii,экскурсии,0
https://t.me/gruziya_mastera,gruziya_mastera,мастера,0
https://t.me/gruziyaa,gruziyaa,банки,0
https://t.me/helpgeorgia2022,helpgeorgia2022,"11,432 — Взаимопомощь. Грузия.",0
https://t.me/issik_kul2019,issik_kul2019,"2,368 — Иссык-куль & Грузия 2023",0
https://t.me/livetogether_georgia_chat,livetogether_georgia_chat,"3,292 — Чат совместной аренды Грузия 🖤",0
https://t.me/poputchiki_gruzia,poputchiki_gruzia,"9,632 — ГРУЗИЯ / попутчики",0
https://t.me/georgiarelocated,georgiarelocated,🇬🇪Georgia expats | релокация экспаты в 🇬🇪Грузии - IT и не IT - форум/чат,0
https://t.me/russiansingeorgia,russiansingeorgia,🇬🇪 РУССКИЕ В ГРУЗИИ. ПОМОЩЬ,0
https://t.me/verhniylars,verhniylars,ВЕРХНИЙ ЛАРС 🇬🇪 ЧАТ,0
https://t.me/relogame_georgia,relogame_georgia,"2,081 — Relogame - Georgia (любые рекламные ссылки - по согласованию с админам",0
https://t.me/rystavi_baraholka,rystavi_baraholka,Рустави — объявления,0
https://t.me/vlars_chat,vlars_chat,"24,602 — ВЕРХНИЙ ЛАРС 🇬🇪 ЧАТ / ГРУЗИЯ",0
https://t.me/vyezd_v_georgia,vyezd_v_georgia,"5,847 — Русские в Грузию / Выезд, Релокация, Обустройство",0
https://t.me/visathailand,visathailand,"6,950 — ТАИЛАНД ВИЗЫ",0
https://t.me/aviabilety_tailand,aviabilety_tailand,Авиабилеты,0
https://t.me/bike_tailand,bike_tailand,Авто Байк,0
https://t.me/biznes_tailand,biznes_tailand,Бизнес,0
https://t.me/chat_th,chat_th,"6,792 — Таиланд / Чат",0
https://t.me/chat_thailand,chat_thailand,"3,466 — Тайский чат",0
https://t.me/ekskursii_tailand,ekskursii_tailand,Экскурсии,0
https://t.me/fem_tailand,fem_tailand,Для женщин,0
https://t.me/forum_thailand,forum_thailand,"11,698 — 🇹🇭 Таиланд форум",0
https://t.me/guidethailand,guidethailand,"2,676 — гайд ✈️ таиланд",0
https://t.me/kids_tailand,kids_tailand,С детьми,0
https://t.me/kochang_tailand,kochang_tailand,Koh Chang,0
https://t.me/krabi_tai,krabi_tai,Krabi,0
https://t.me/medicina_tailand,medicina_tailand,Медицина,0
https://t.me/obmen_valuti_tailand,obmen_valuti_tailand,Обмен валют,0
https://t.me/oteli_tailand,oteli_tailand,Отели,0
https://t.me/party_tailand,party_tailand,Движ,0
https://t.me/pattaiaa,pattaiaa,Pattaya,0
https://t.me/pets_tailand,pets_tailand,Животные,0
https://t.me/phanganc,phanganc,Koh Phangan,0
https://t.me/phuket_community,phuket_community,Phuket,0
https://t.me/pkhuket10,pkhuket10,Phuket,0
https://t.me/posylki_tailand,posylki_tailand,Посылки,0
https://t.me/rabota_tayland,rabota_tayland,Работа,0
https://t.me/samui7,samui7,Koh Samui,0
https://t.me/sevencountries,sevencountries,"1,629 — Таиланд и мир. Новости туризма.",0
https://t.me/tai_nedvizhimost,tai_nedvizhimost,Недвижимость,0
https://t.me/tailand_avito,tailand_avito,Доска объявлений,0
https://t.me/tailand_chatu,tailand_chatu,туристы,0
https://t.me/tailand_pitomci,tailand_pitomci,питомцы,0
https://t.me/tailand_poputchiki,tailand_poputchiki,попутчики,0
https://t.me/tailand_visa,tailand_visa,Виза,0
https://t.me/tailand_vizaran,tailand_vizaran,визаран,0
https://t.me/tailandr,tailandr,ЧАТ ТАИЛАНД,0
https://t.me/taxi_tailand,taxi_tailand,Трансфер,0
https://t.me/thai_official,thai_official,"5,713 — 🇹🇭🏝Таиланд - путешествия, релокация, жизнь, быт.",0
https://t.me/thailand_help,thailand_help,"6,549 — Помощь в Таиланде",0
https://t.me/to_thai,to_thai,"2,271 — ЧАТ-болталка 🇹🇭 Дом у моря - Таиланд",0
https://t.me/vyezd_v_tailand,vyezd_v_tailand,"3,855 — Русские в Таиланд / Выезд, Релокация, Обустройство",0
https://t.me/automotomarketspain,automotomarketspain,940 — АвтоМотоМаркет в Испании,0
https://t.me/saprokshino,saprokshino,"9,510 — САЛАРЬЕВО , ПРОКШИНО, ИК, ФИЛАТОВ ЛУГ ОБЪЯВЛЕНИЯ",0
https://t.me/ads_spain,ads_spain,"4,889 — Испания / Объявления",0
https://t.me/benidorm_es,benidorm_es,"1,462 — 🇪🇸 Comunidad Valenciana",0
https://t.me/domvkoree,domvkoree,"10,172 — ДОМ. Вся Корея",0
https://t.me/marmaris_tursia,marmaris_tursia,Мармарис 🇹🇷 чат,0
https://t.me/rabota_tursia,rabota_tursia,Работа в 🇹🇷 Турции,0
https://t.me/turcia_rabota,turcia_rabota,РАСПИСАНИЕ ВЫСТАВОК НА 2024 ГОД,0
https://t.me/tyrcia_popytchiki,tyrcia_popytchiki,РАСПИСАНИЕ ВЫСТАВОК В РОССИИ,0
https://t.me/chat_tbilisi,chat_tbilisi,Рр,0
https://t.me/chat_hochu_v_ispaniyu,chat_hochu_v_ispaniyu,839 — ЧАТ. Хочу в Испанию 🇪🇸,0
https://t.me/chat_spain,chat_spain,"1,078 — Испания / Чат",0
https://t.me/digitalvisaspain,digitalvisaspain,"906 — Испания. Цифровой кочевник, диджитал релокация",0
https://t.me/esp_blabla,esp_blabla,"1,608 — Испания. Разговорник",0
https://t.me/esp_dinero,esp_dinero,"6,316 — Испания. Деньги",0
https://t.me/esp_turismo,esp_turismo,"2,648 — Испания. Туризм",0
https://t.me/espagna,espagna,926 — ¡Понаехать в Испанию цивильно! 🇪🇸🥘🏖,0
https://t.me/forum_spain,forum_spain,"10,283 — 🇪🇸 Испания чат",0
https://t.me/infobots_spain,infobots_spain,"1,766 — Infobots Испания 🇪🇸",0
https://t.me/inmueble_enspain,inmueble_enspain,542 — Испания по визе С,0
https://t.me/ispaniya_medicina,ispaniya_medicina,медицина,0
https://t.me/ispaniya_pitomci,ispaniya_pitomci,питомцы,0
https://t.me/ispaniyaa,ispaniyaa,релокация,0
https://t.me/pech_kin,pech_kin,"2,150 — 🎁 ПОСЫЛКИ в 🇪🇸ИСПАНИЮ и ОБРАТНО",0
https://t.me/posilkiltk,posilkiltk,"4,069 — Грузы и Посылки из Испании в РФ и обратно,если вы размещаете объявлени",0
https://t.me/rurdhzdtezruxi,rurdhzdtezruxi,"7,719 — Акции, Услуги, Товары Коммунарка",0
https://t.me/spain_help,spain_help,"5,640 — Испания. CO-ViV. (Как Остаться Выехать и Вернуться)",0
https://t.me/spainrussiabarcelona,spainrussiabarcelona,"1,655 — ☀️ЭМИГРАЦИЯ в ИСПАНИИ☀️",0
https://t.me/uaespchat,uaespchat,"1,649 — Чат / Оголошення 🇺🇦 Україна / Іспанія 🇪🇦 Украина / Испания 📝",0
https://t.me/uslugikommunarka,uslugikommunarka,659 — КОММУНАРКА / БУТОВО / РЕКЛАМА / УСЛУГИ,0
https://t.me/valenciarusia,valenciarusia,"2,882 — Всё о Валенсии и ВНЖ в Испании.",0
https://t.me/visa_family_agency,visa_family_agency,"2,483 — VISA FAMILY 🇺🇸 / БОТ США",0
https://t.me/visadesp,visadesp,"7,154 — Виза D Испания",0
https://t.me/bar_chernogoriya,bar_chernogoriya,общий,0
https://t.me/montenegro_market,montenegro_market,♻️ ЧЕРНОГОРИЯ / барахолка объявления чат,0
https://t.me/sale_me_com,sale_me_com,Черногория 🇲🇪/ Объявления / Барахолка / Доска объявлений,0
https://t.me/chatsmontenegro,chatsmontenegro,"4,447 — Черногория 🇲🇪/ Главный чат",0
https://t.me/expatsmontenegro,expatsmontenegro,"3,187 — Черногория 🇲🇪/ Экспаты",0
https://t.me/moneymontenegro,moneymontenegro,"10,172 — Черногория 🇲🇪/ Деньги / Обмен валюты / Криптовалюта",0
https://t.me/montenegrospecialists,montenegrospecialists,"9,865 — Специалисты Черногория🇲🇪",0
https://t.me/parentsmontenegro,parentsmontenegro,"2,368 — Черногория 🇲🇪/ Родители чат",0
https://t.me/relocationmontenegro,relocationmontenegro,"5,712 — Черногория Доставка 🇲🇪/🇷🇺 Перемещение / Посылки",0
https://t.me/specialistsmontenegro,specialistsmontenegro,"9,715 — Черногория 🇲🇪/ Специалисты",0
https://t.me/uslugimontenegro,uslugimontenegro,"5,929 — Черногория 🇲🇪/ Услуги",0
https://t.me/vizaranmontenegro,vizaranmontenegro,"8,286 — Черногория 🇲🇪/ Визаран / Трансфер",0
https://t.me/womensmontenegro,womensmontenegro,"4,441 — Черногория Женский чат",0
https://t.me/arendacrnagora,arendacrnagora,"3,321 — Аренда жилья Черногория",0
https://t.me/chatcg,chatcg,"2,612 — Чат Черногория (Montenegro)",0
https://t.me/chernogoria_arenda,chernogoria_arenda,"7,119 — 💤 ЧЕРНОГОРИЯ / жильё аренда недвижимость",0
https://t.me/chernogoria_rabota,chernogoria_rabota,"5,445 — ЧЕРНОГОРИЯ / работа",0
https://t.me/chernogoria_realty,chernogoria_realty,"10,200 — 🏠 ЧЕРНОГОРИЯ / Аренда и продажа недвижимости",0
https://t.me/chernogoriya_kripta,chernogoriya_kripta,крипта,0
https://t.me/chernogoriya_pitomci,chernogoriya_pitomci,питомцы,0
https://t.me/chernogoriya_poputchiki,chernogoriya_poputchiki,трансфер,0
https://t.me/chernogoriya_tusa,chernogoriya_tusa,тусовки,0
https://t.me/chernogoriya_uslugi,chernogoriya_uslugi,услуги,0
https://t.me/forum_montenegro,forum_montenegro,"8,985 — 🇲🇪 Черногория чат",0
https://t.me/monte_woman,monte_woman,"3,103 — Черногория чат / WomanChat",0
https://t.me/montenegro_ads,montenegro_ads,"4,658 — Черногория 🇲🇪 Объявления",0
https://t.me/montenegro_chat,montenegro_chat,"6,065 — Черногория Чат🇲🇪 Montenegro",0
https://t.me/montenegro_remont,montenegro_remont,"2,216 — Черногория Ремонт / Строительство",0
https://t.me/nasnedogonyt,nasnedogonyt,"5,449 — Черногория - Россия - Черногория.",0
https://t.me/saleme_job,saleme_job,"7,259 — Черногория 🇲🇪/ Работа / Биржа труда / Вакансии / Резюме",0
https://t.me/saleme_realty,saleme_realty,"12,372 — Черногория Недвижимость / Аренда / Продажа",0
https://t.me/vyezd_v_montenegro,vyezd_v_montenegro,"2,991 — 🇲🇪 Русские в Черногорию / Выезд, Релокация, Обустройство",0
https://t.me/cyprusbazarfree,cyprusbazarfree,Барахолка Cyprus,0
https://t.me/fishretailtrade,fishretailtrade,"1,321 — Fishretail.ru 🐟 Рыба, икра оптом",0
https://t.me/kipr_chat,kipr_chat,Северный КИПР чат / объявления барахолка работа недвижимость,0
https://t.me/sharabaracyprus,sharabaracyprus,🤝SHARA-БАРА🤜🤛РЕКЛАМНАЯ ДОСКА. Кипр,0
https://t.me/cuprus_chatru,cuprus_chatru,"5,547 — КИПР : Сообщество, чат, форум",0
https://t.me/cypruspropertychat,cypruspropertychat,"23,184 — CypRus Property",0
https://t.me/exchangefinancebank,exchangefinancebank,"11,325 — Финансы (Кипр) Обмен Валют",0
https://t.me/northcyprus_chat,northcyprus_chat,"4,347 — Северный Кипр Чат",0
https://t.me/billboard_cyprus_realestate,billboard_cyprus_realestate,"1,909 — 🇨🇾 Недвижимость: Кипр / Цены / Аренда / Купить, продать недвижимость (",0
https://t.me/caesar_resort_chat,caesar_resort_chat,"2,928 — Цезарь резорт",0
https://t.me/cylaw,cylaw,"16,390 — CY Law, Visas, Taxes, Insurance",0
https://t.me/cyprus_femchat,cyprus_femchat,"4,906 — Cyprus Girls",0
https://t.me/cyprus_nedvizhimost,cyprus_nedvizhimost,"1,872 — Кипр недвижимость / Аренда",0
https://t.me/cyprus_north,cyprus_north,"2,919 — Северный Кипр. Все о недвижимости, ВНЖ, переездах на ПМЖ",0
https://t.me/cyprus_uslugi,cyprus_uslugi,"1,443 — Услуги и объявления на Кипре",0
https://t.me/cyprus_women_chat,cyprus_women_chat,"2,539 — Кипр женский Чат",0
https://t.me/cyprusfood,cyprusfood,"1,208 — Еда на Кипре (СК)",0
https://t.me/cyprusinfo1,cyprusinfo1,"6,812 — КИПР LIFE",0
https://t.me/cyvisaorg,cyvisaorg,"11,505 — Все про полеты на Кипр или с Кипра",0
https://t.me/famagusta_ru,famagusta_ru,Фамагуста — общий,0
https://t.me/forum_cyprus,forum_cyprus,"16,581 — 🇨🇾 Кипр чат",0
https://t.me/job_europa,job_europa,"5,889 — 🇨🇾 КИПР / все чаты острова - релокация",0
https://t.me/kipr_arenda,kipr_arenda,"9,488 — 💤 КИПР / жильё аренда недвижимость",0
https://t.me/kipr_popytchiki,kipr_popytchiki,попутчики,0
https://t.me/kipr_relokaciya,kipr_relokaciya,релокация,0
https://t.me/kipr_severnii,kipr_severnii,"9,001 — Северный КИПР чат",0
https://t.me/kipr_tusovki,kipr_tusovki,тусовки,0
https://t.me/kiriniya,kiriniya,Кириния — общий,0
https://t.me/mamukipra,mamukipra,"1,519 — Мамы Северный Кипр",0
https://t.me/ncyprusit,ncyprusit,"1,027 — North Cyprus IT",0
https://t.me/northern_cyprus_forum,northern_cyprus_forum,"8,846 — Северный Кипр - Forum",0
https://t.me/poputkancy,poputkancy,"1,740 — ПОПУТКА (КИПР)",0
https://t.me/russian_in_cyprus,russian_in_cyprus,"2,981 — Кипр / Чат / Форум",0
https://t.me/severniy_kipr_chat,severniy_kipr_chat,"2,151 — Северный Кипр (ЧАТ)",0
https://t.me/severnyy_kipr,severnyy_kipr,"11,252 — Северный Кипр ЧАТ",0
https://t.me/surkoncyprus,surkoncyprus,"6,705 — Северный Кипр. Чат. SurkonEstate",0
https://t.me/bali_expats,bali_expats,Bali Expats Community,0
https://t.me/bali_rent,bali_rent,Bali Rent & Housing,0
https://t.me/cangguchat,cangguchat,"3,778 — Чангу чатик 🏖 / CHATIK",0
https://t.me/forum_indonesia,forum_indonesia,"1,667 — 🇮🇩 Индонезия чат",0
https://t.me/friendly_indonesia,friendly_indonesia,63 — Дружная Индонезия,0
https://t.me/sumatra_ru,sumatra_ru,Суматра — общий,0
https://t.me/visarun,visarun,"2,520 — Визы, Билеты, Границы",0
https://t.me/chat_vietnam_ru,chat_vietnam_ru,Чат Вьетнам 🇻🇳,0
https://t.me/fem_vietnam,fem_vietnam,Женский 🇻🇳 Вьетнам,0
https://t.me/gid_vietnam,gid_vietnam,Экскурсии Гиды 🇻🇳 Вьетнам,0
https://t.me/goviet_chat,goviet_chat,308 — Вьетнам Чат,0
https://t.me/rent_vietnam,rent_vietnam,Недвижимость Вьетнам — аренда,0
https://t.me/vietnam_bazaar,vietnam_bazaar,Вьетнам Чат Bazaar,0
https://t.me/vietnam_jobs,vietnam_jobs,Jobs Vietnam (all cities),0
https://t.me/korea_baraholka,korea_baraholka,♻️ КОРЕЯ / барахолка объявления чат,0
https://t.me/mersamatrukh,mersamatrukh,Marsa Matrouh,0
https://t.me/vietnam_to_russia_2022,vietnam_to_russia_2022,Вьетнам - доска объявлений🆓,0
https://t.me/hue_chat,hue_chat,Хюэ чат | Вьетнам,0
https://t.me/dodongchat,dodongchat,💬 Вьетнам | Новости и объявления DoDong.ru,0
